PRAGMA foreign_keys=OFF;
BEGIN TRANSACTION;
CREATE TABLE IF NOT EXISTS "tblNivel"(
  "nID" INTEGER PRIMARY KEY AUTOINCREMENT NOT NULL,
  "nTipo" VARCHAR(45),
  "nDesc" VARCHAR(45)
);
INSERT INTO tblNivel VALUES(1,'Admin','Administrador do sistema');
INSERT INTO tblNivel VALUES(2,'Usuario','Usuário padrão do sistema');
CREATE TABLE IF NOT EXISTS "tblUsuario"(
  "usrId" INTEGER PRIMARY KEY AUTOINCREMENT NOT NULL,
  "usrLogin" VARCHAR(45),
  "usrNome" VARCHAR(45),
  "usrSenha" VARCHAR(45),
  "usrStatus" BOOLEAN DEFAULT 1,
  "tblNivel_nID" INTEGER NOT NULL,
  CONSTRAINT "fk_tblUsuario_tblNivel1"
    FOREIGN KEY("tblNivel_nID")
    REFERENCES "tblNivel"("nID")
);
INSERT INTO tblUsuario VALUES(1,'admin','Administrador','21232f297a57a5a743894a0e4a801fc3',1,1);
INSERT INTO tblUsuario VALUES(2,'recepcao','Usuaário da Recepção','c81e728d9d4c2f636f067f89cc14862c',1,2);
CREATE TABLE IF NOT EXISTS "tblVisita"(
  "vID" INTEGER PRIMARY KEY AUTOINCREMENT NOT NULL,
  "vData" VARCHAR(10),
  "tblPaciente_pacID" INTEGER NOT NULL,
  CONSTRAINT "fk_tblVisita_tblPaciente1"
    FOREIGN KEY("tblPaciente_pacID")
    REFERENCES "tblPaciente"("pacID")
);
CREATE TABLE IF NOT EXISTS "tblProduto"(
  "prodID" INTEGER PRIMARY KEY AUTOINCREMENT NOT NULL,
  "prodNome" VARCHAR(45),
  "prodQuantidade" INTEGER,
  "prodInformar" INTEGER,
  "tblCategoria_catID" INTEGER NOT NULL,
  CONSTRAINT "fk_tblProduto_tblCategoria1"
    FOREIGN KEY("tblCategoria_catID")
    REFERENCES "tblCategoria"("catID")
);
INSERT INTO tblProduto VALUES(1,'AGUA DESTILADA - 10 ml',0,0,1);
INSERT INTO tblProduto VALUES(2,'AGUA OXIGENADA - LITRO',0,0,1);
INSERT INTO tblProduto VALUES(3,'AGUA P/ AUTOCLAVE',0,0,1);
INSERT INTO tblProduto VALUES(4,'AGUA SANITARIA - 1 LITRO',37,0,2);
INSERT INTO tblProduto VALUES(5,'AGUA SANITARIA-2 LITROS',0,0,2);
INSERT INTO tblProduto VALUES(6,'AGULHA - 13 X 30 (30 G1/2) (AMARELA)',0,0,1);
INSERT INTO tblProduto VALUES(7,'AGULHA - 25 X 7 (22 G1) (CINZA)',0,0,1);
INSERT INTO tblProduto VALUES(8,'AGULHA - 25 X 8 - LIPASE (AZUL)',0,0,1);
INSERT INTO tblProduto VALUES(9,'AGULHA - 30 X 8 (LONGA) (VERDE)',0,0,1);
INSERT INTO tblProduto VALUES(10,'AGULHA - 55 X 20 (ROXA)',0,0,1);
INSERT INTO tblProduto VALUES(11,'ALCOOL 1000 ml',0,0,1);
INSERT INTO tblProduto VALUES(12,'ALCOOL 500 ml',0,0,1);
INSERT INTO tblProduto VALUES(13,'ALGODAO - 100 g',0,0,1);
INSERT INTO tblProduto VALUES(14,'ALGODAO - 25 g',0,0,1);
INSERT INTO tblProduto VALUES(15,'ALGODAO - 50 g',0,0,1);
INSERT INTO tblProduto VALUES(16,'ALGODAO - 500 g',0,0,1);
INSERT INTO tblProduto VALUES(17,'ANESTESICO LIDOCAINA - 20 ml',0,0,1);
INSERT INTO tblProduto VALUES(18,'ANUSCOPIO',0,0,1);
INSERT INTO tblProduto VALUES(19,'ANUSCOPIO FENESTRADO',0,0,1);
INSERT INTO tblProduto VALUES(20,'ATADURA - 10 cm X 1,8 m',0,0,1);
INSERT INTO tblProduto VALUES(21,'AUTO-SELANTE 15X25 C/100',0,0,1);
INSERT INTO tblProduto VALUES(22,'AUTO-SELANTE 9X26 - C/100',0,0,1);
INSERT INTO tblProduto VALUES(23,'AVENTAL EMBORRACHADO',0,0,2);
INSERT INTO tblProduto VALUES(24,'BAYGON - BOMBA',0,0,2);
INSERT INTO tblProduto VALUES(25,'BAYGON - LATA',5,0,2);
INSERT INTO tblProduto VALUES(26,'BISTURI DESCARTAVEL - 15',0,0,1);
INSERT INTO tblProduto VALUES(27,'BISTURI DESCARTAVEL - 22',0,0,1);
INSERT INTO tblProduto VALUES(28,'BLOOD STOP',0,0,1);
INSERT INTO tblProduto VALUES(29,'BOMBRIL',2,0,2);
INSERT INTO tblProduto VALUES(30,'CAIXA DE LUVA MEDIA',0,0,1);
INSERT INTO tblProduto VALUES(31,'CAIXA DE LUVA PEQUENA',0,0,1);
INSERT INTO tblProduto VALUES(32,'CIF - MULTIUSO',0,0,2);
INSERT INTO tblProduto VALUES(33,'CLORO - 5 L',0,0,2);
INSERT INTO tblProduto VALUES(34,'COPO PLASTICO - CAFE - PCTE C/ 100',0,0,2);
INSERT INTO tblProduto VALUES(35,'COPO PLASTICO 200 ml  - PCTE C/ 100',0,0,2);
INSERT INTO tblProduto VALUES(36,'CUBA RIM',0,0,1);
INSERT INTO tblProduto VALUES(37,'DESCARPACK - 3 LITROS',0,0,1);
INSERT INTO tblProduto VALUES(38,'DESCARPACK - 7 LITROS',0,0,1);
INSERT INTO tblProduto VALUES(39,'DESINFETANTE PARA CHAO - 5 L',0,0,2);
INSERT INTO tblProduto VALUES(40,'DETERGENTE LIQUIDO (LIPTOL)',0,0,2);
INSERT INTO tblProduto VALUES(41,'DUOFLAM-AMOSTRA',0,0,1);
INSERT INTO tblProduto VALUES(42,'ESCALPE - 21 G',0,0,1);
INSERT INTO tblProduto VALUES(43,'ESPARADRAPO - 10 cm X 4,5 m',0,0,1);
INSERT INTO tblProduto VALUES(44,'ESPARADRAPO MICROPORO 25 mm X 10 m',0,0,1);
INSERT INTO tblProduto VALUES(45,'ESPECULO GINUS - PEQUENO',0,0,1);
INSERT INTO tblProduto VALUES(46,'ESPECULO PLASTIC WAY - PEQUENO',0,0,1);
INSERT INTO tblProduto VALUES(47,'ESPECULO VAGISPEC - MEDIO',0,0,1);
INSERT INTO tblProduto VALUES(48,'ESPECULO VAGISPEC - PEQUENO',0,0,1);
INSERT INTO tblProduto VALUES(49,'ESPONJA DUPLA FACE - UNIDADE',0,0,2);
INSERT INTO tblProduto VALUES(50,'ETHAMOLIN - AMPOLA (OLEATO)',0,0,1);
INSERT INTO tblProduto VALUES(51,'FILMITO ROLO',0,0,2);
INSERT INTO tblProduto VALUES(52,'FITA P/AUTOCLAVE',0,0,1);
INSERT INTO tblProduto VALUES(53,'GAZE',0,0,1);
INSERT INTO tblProduto VALUES(54,'GLADE-AEROSSOL',0,0,2);
INSERT INTO tblProduto VALUES(55,'KIMBERLEY - PAPEL HIGIENICO',0,0,2);
INSERT INTO tblProduto VALUES(56,'KIMBERLEY - PAPEL INTERFOLHA - LALEKA',0,0,2);
INSERT INTO tblProduto VALUES(57,'KIMBERLEY - PAPEL TOALHA - ALAVANCA',0,0,2);
INSERT INTO tblProduto VALUES(58,'KIT LIMPINHA COMPLETO',0,0,2);
INSERT INTO tblProduto VALUES(59,'LAMINA BISTURI - 11 - CABO 3',0,0,1);
INSERT INTO tblProduto VALUES(60,'LAMINA BISTURI - 12 - CABO 3',0,0,1);
INSERT INTO tblProduto VALUES(61,'LAMINA BISTURI - 14 - CABO 3',0,0,1);
INSERT INTO tblProduto VALUES(62,'LAMINA BISTURI - 15 - CABO 3',0,0,1);
INSERT INTO tblProduto VALUES(63,'LAMINA BISTURI - 23 - CABO 4',0,0,1);
INSERT INTO tblProduto VALUES(64,'LAMINA BISTURI - 24 - CABO 4',0,0,1);
INSERT INTO tblProduto VALUES(65,'LENCOL DE PAPEL - ROLO 0,50X50',0,0,1);
INSERT INTO tblProduto VALUES(66,'LUVA ESTERIL / PAR',0,0,1);
INSERT INTO tblProduto VALUES(67,'LUVA MOCAMBO',0,0,2);
INSERT INTO tblProduto VALUES(68,'LYSOFORM',0,0,2);
INSERT INTO tblProduto VALUES(69,'MONONYLON 3-0',0,0,1);
INSERT INTO tblProduto VALUES(70,'MONONYLON 4-0',0,0,1);
INSERT INTO tblProduto VALUES(71,'MONONYLON 5-0',0,0,1);
INSERT INTO tblProduto VALUES(72,'MONONYLON 6-0',0,0,1);
INSERT INTO tblProduto VALUES(73,'MULTI-USO',0,0,2);
INSERT INTO tblProduto VALUES(74,'PANO DE CHAO - MEDIO',0,0,2);
INSERT INTO tblProduto VALUES(75,'PAPEL DE COZINHA - PCTE C/ 2 - UNIDADES',0,0,2);
INSERT INTO tblProduto VALUES(76,'PAPEL HIGIENICO - NEVE',0,0,2);
INSERT INTO tblProduto VALUES(77,'PAPEL INTERFOLHA BRANCO - PCTE C/ 1000 FOLHAS',0,0,2);
INSERT INTO tblProduto VALUES(78,'PINCA CHERRON',0,0,1);
INSERT INTO tblProduto VALUES(79,'PINHO SOL',0,0,2);
INSERT INTO tblProduto VALUES(80,'QUEROSENE',0,0,2);
INSERT INTO tblProduto VALUES(81,'RODO',0,0,2);
INSERT INTO tblProduto VALUES(82,'RODO - 60 cm',0,0,2);
INSERT INTO tblProduto VALUES(83,'SABAO EM BARRA - 1 KG',0,0,2);
INSERT INTO tblProduto VALUES(84,'SABAO EM PO - 500 mg/750 mg',0,0,2);
INSERT INTO tblProduto VALUES(85,'SABONETE GOLD - FLORES',0,0,2);
INSERT INTO tblProduto VALUES(86,'SABONETE KIMBERLEY - 5 L',0,0,2);
INSERT INTO tblProduto VALUES(87,'SABONETE LIQUIDO - AZUL - 5 L',0,0,2);
INSERT INTO tblProduto VALUES(88,'SACO DE LIXO - 100 L - PESADO - PCTE',0,0,2);
INSERT INTO tblProduto VALUES(89,'SACO DE LIXO - 20 L - VERDE - PCTE',0,0,2);
INSERT INTO tblProduto VALUES(90,'SACO DE LIXO - 40 L - VERDE - PCTE',0,0,2);
INSERT INTO tblProduto VALUES(91,'SACO DE LIXO - INFECTANTE - 100 L',0,0,2);
INSERT INTO tblProduto VALUES(92,'SACO DE LIXO - INFECTANTE - 20 L',0,0,2);
INSERT INTO tblProduto VALUES(93,'SACO DE LIXO - INFECTANTE - 30 L',0,0,2);
INSERT INTO tblProduto VALUES(94,'SACO DE LIXO - INFECTANTE - 40 L',0,0,2);
INSERT INTO tblProduto VALUES(95,'SAPOLIO CREMOSO',0,0,2);
INSERT INTO tblProduto VALUES(96,'SAPONACEO PO - VIM',0,0,2);
INSERT INTO tblProduto VALUES(97,'SELADORA',0,0,1);
INSERT INTO tblProduto VALUES(98,'SERINGA C/A 3ml - BD',0,0,1);
INSERT INTO tblProduto VALUES(99,'SERINGA DE INSULINA',0,0,1);
INSERT INTO tblProduto VALUES(100,'SERINGA S/A 10 ml - BD',0,0,1);
INSERT INTO tblProduto VALUES(101,'SERINGA S/A 10 ml - LABORJET',0,0,1);
INSERT INTO tblProduto VALUES(102,'SERINGA S/A 10 ml - SR',0,0,1);
INSERT INTO tblProduto VALUES(103,'SERINGA S/A 20 m - LABORJET/BD',0,0,1);
INSERT INTO tblProduto VALUES(104,'SERINGA S/A 3 ml - BD - ANGIO',0,0,1);
INSERT INTO tblProduto VALUES(105,'SERINGA S/A 3 ml - LABORJET',0,0,1);
INSERT INTO tblProduto VALUES(106,'SERINGA S/A 5 ml - BD',0,0,1);
INSERT INTO tblProduto VALUES(107,'SORO FISIOLOGICO',0,0,1);
INSERT INTO tblProduto VALUES(108,'VASSOURA - CHAPA 3',0,0,2);
INSERT INTO tblProduto VALUES(109,'VEDAMAX - 90X260 = AUTO SELANTE',0,0,1);
INSERT INTO tblProduto VALUES(110,'VEDAMAX - ROLO - 25X50',0,0,1);
INSERT INTO tblProduto VALUES(111,'VIDREX - REFIL',0,0,2);
INSERT INTO tblProduto VALUES(112,'VIDREX - SPRAY',0,0,2);
INSERT INTO tblProduto VALUES(115,'CANECA PRETA/AZUL',0,0,3);
CREATE TABLE IF NOT EXISTS "tblEspecialidade"(
  "espID" INTEGER PRIMARY KEY AUTOINCREMENT NOT NULL,
  "espNome" VARCHAR(45)
);
INSERT INTO tblEspecialidade VALUES(1,'AUDIOMETRIA');
INSERT INTO tblEspecialidade VALUES(2,'RAIO X');
INSERT INTO tblEspecialidade VALUES(3,'ENDOCRINOLOGIA');
INSERT INTO tblEspecialidade VALUES(4,'OTORRINOLARINGOLOGIA');
INSERT INTO tblEspecialidade VALUES(5,'NUTRIÇÃO');
INSERT INTO tblEspecialidade VALUES(6,'UROLOGIA');
INSERT INTO tblEspecialidade VALUES(7,'CLINICA MEDICA');
INSERT INTO tblEspecialidade VALUES(8,'ANGIOLOGIA');
INSERT INTO tblEspecialidade VALUES(9,'NEUROLOGIA');
INSERT INTO tblEspecialidade VALUES(10,'EXAME DE LABORATÓRIO');
INSERT INTO tblEspecialidade VALUES(11,'GINECOLOGIA');
INSERT INTO tblEspecialidade VALUES(12,'COLPOSCOPIA');
INSERT INTO tblEspecialidade VALUES(13,'CARDIOLOGIA');
INSERT INTO tblEspecialidade VALUES(14,'ODONTOLOGIA');
INSERT INTO tblEspecialidade VALUES(15,'OFTALMOLOGIA');
INSERT INTO tblEspecialidade VALUES(16,'PROCTOLOGIA');
INSERT INTO tblEspecialidade VALUES(17,'DERMATOLOGIA');
INSERT INTO tblEspecialidade VALUES(18,'PREV. DO CÂNCER');
INSERT INTO tblEspecialidade VALUES(19,'GASTROENTEROLOGIA');
INSERT INTO tblEspecialidade VALUES(20,'ELETROCARDIOGRAMA');
CREATE TABLE IF NOT EXISTS "tblPacienteMedico"(
  "pacID" INTEGER PRIMARY KEY AUTOINCREMENT NOT NULL,
  "pacMat" INTEGER,
  "pacNome" VARCHAR(255),
  "pacCpf" CHAR(11),
  "pacDeclara" CHAR(2),
  "pacSexo" VARCHAR(10),
  "pacNasc" VARCHAR(10),
  "pacEndereco" VARCHAR(255),
  "pacNum" INTEGER,
  "pacComplemento" VARCHAR(255),
  "pacBairro" VARCHAR(45),
  "pacCidade" VARCHAR(45),
  "pacUF" CHAR(2),
  "pacCep" INTEGER,
  "pacTelRes" VARCHAR(45),
  "pacTelCom" VARCHAR(45),
  "pacOp1" VARCHAR(45),
  "pacTelCel" VARCHAR(45),
  "pacOp2" VARCHAR(45),
  "pacTelFax" VARCHAR(45),
  "pacTelOutro" VARCHAR(45),
  "pacEmail" VARCHAR(255),
  "pacObs" TEXT,
  "pacAlerta" TEXT,
  "pacDtCadastro" VARCHAR(10),
  "pacDtUpdate" VARCHAR(10)
);
CREATE TABLE IF NOT EXISTS "tblLogEstoque"(
  "logID" INTEGER PRIMARY KEY AUTOINCREMENT NOT NULL,
  "logTipo" VARCHAR(45),
  "logData" VARCHAR(10),
  "logPessoa" VARCHAR(45),
  "logDestino" VARCHAR(45),
  "logQuantidade" INTEGER,
  "logFornecedor" VARCHAR(45),
  "logValor" NUMERIC,
  "logObs" TEXT,
  "tblProduto_prodID" INTEGER NOT NULL,
  CONSTRAINT "fk_tblLogEstoque_tblProduto1"
    FOREIGN KEY("tblProduto_prodID")
    REFERENCES "tblProduto"("prodID")
);
CREATE TABLE IF NOT EXISTS "tblFuncionario"(
  "fncID" INTEGER PRIMARY KEY AUTOINCREMENT NOT NULL,
  "fncNome" VARCHAR(255),
  "fncCpf" VARCHAR(11),
  "fncSexo" VARCHAR(10),
  "fncNasc" VARCHAR(10),
  "fncEnd" VARCHAR(255),
  "fncComp" VARCHAR(255),
  "fncBairro" VARCHAR(45),
  "fncCidade" VARCHAR(45),
  "fncUF" CHAR(2),
  "fncCep" INTEGER,
  "fncTelRes" VARCHAR(45),
  "fncTelCom" VARCHAR(45),
  "fncOp1" VARCHAR(45),
  "fncTelCel" VARCHAR(45),
  "fncOp2" VARCHAR(45),
  "fncTelFax" VARCHAR(45),
  "fncEmail" VARCHAR(255),
  "fncObs" TEXT,
  "fncCargo" VARCHAR(45),
  "fncPis" VARCHAR(45),
  "fncCtps" VARCHAR(45),
  "fncAdmissao" VARCHAR(10),
  "fncDemissao" VARCHAR(10)
);
CREATE TABLE IF NOT EXISTS "tblContato"(
  "agID" INTEGER PRIMARY KEY AUTOINCREMENT NOT NULL,
  "agNome" VARCHAR(255),
  "agEnd" VARCHAR(255),
  "agComp" VARCHAR(255),
  "agBairro" VARCHAR(45),
  "agCidade" VARCHAR(45),
  "agUF" CHAR(2),
  "agCep" INTEGER,
  "agTelCom1" VARCHAR(45),
  "agTelCom2" VARCHAR(45),
  "agTelRes" VARCHAR(45),
  "agOp1" VARCHAR(45),
  "agTelCel" VARCHAR(45),
  "agOp2" VARCHAR(45),
  "agTelFax" VARCHAR(45),
  "agEmail" VARCHAR(255),
  "agObs" TEXT,
  "agAtividade" VARCHAR(255)
);
CREATE TABLE IF NOT EXISTS "tblTableExame"(
  "texID" INTEGER PRIMARY KEY AUTOINCREMENT NOT NULL,
  "texNome" VARCHAR(255),
  "texCol1" VARCHAR(45),
  "texCol2" VARCHAR(45),
  "texAtivo" CHAR(1)
);
INSERT INTO tblTableExame VALUES(1,'CARDIOLOGIA','Lab1','Lab2','S');
INSERT INTO tblTableExame VALUES(2,'CV CANADA','Lab1','Lab2','S');
INSERT INTO tblTableExame VALUES(3,'DR. MARCOS MARENGO','Lab1','Lab2','S');
INSERT INTO tblTableExame VALUES(4,'LAB. LIPASE','Lab1','Lab2','S');
INSERT INTO tblTableExame VALUES(5,'MATERIAL HIGIENE','Lab1','Lab2','S');
INSERT INTO tblTableExame VALUES(6,'MATERIAL HOSPITALAR','Lab1','Lab2','S');
INSERT INTO tblTableExame VALUES(7,'PROCEDIMENTOS','Lab1','Lab2','S');
INSERT INTO tblTableExame VALUES(8,'RAIOS-X','Lab1','Lab2','S');
INSERT INTO tblTableExame VALUES(9,'USG','Lab1','Lab2','S');
INSERT INTO tblTableExame VALUES(10,'TESTE','Lab1','Lab2','N');
INSERT INTO tblTableExame VALUES(11,'TESTE','Lab1','Lab2','N');
INSERT INTO tblTableExame VALUES(12,'TESTE2','Col1','Col2','N');
INSERT INTO tblTableExame VALUES(13,'NOVO EXAME','BROWSTEIN','ELIEL','S');
CREATE TABLE IF NOT EXISTS "tblCategoria"(
  "catID" INTEGER PRIMARY KEY AUTOINCREMENT NOT NULL,
  "catNome" VARCHAR(45),
  "catAtivo" CHAR(1)
);
INSERT INTO tblCategoria VALUES(1,'MATERIAL MÉDICO','S');
INSERT INTO tblCategoria VALUES(2,'MATERIAL DE HIGIENE','S');
INSERT INTO tblCategoria VALUES(3,'MATERIAL DE ESCRITÓRIO','S');
CREATE TABLE IF NOT EXISTS "tblExame"(
  "exID" INTEGER PRIMARY KEY AUTOINCREMENT NOT NULL,
  "exNome" VARCHAR(45),
  "exCol1" NUMERIC(10,2),
  "exCol2" NUMERIC(10,2),
  "exPreco" NUMERIC(10,2),
  "tblTableExame_texID" INTEGER NOT NULL,
  CONSTRAINT "fk_tblExame_tblTableExame1"
    FOREIGN KEY("tblTableExame_texID")
    REFERENCES "tblTableExame"("texID")
);
INSERT INTO tblExame VALUES(1,'ABDOMEM TOTAL',0,0,0,9);
INSERT INTO tblExame VALUES(2,'ABDOMEM SUPERIOR',0,0,0,9);
INSERT INTO tblExame VALUES(3,'MAMA',0,0,0,9);
INSERT INTO tblExame VALUES(4,'TRANSVAGINAL',0,0,0,9);
INSERT INTO tblExame VALUES(5,'VIAS URINARIAS',0,0,0,9);
INSERT INTO tblExame VALUES(6,'VIAS BILIARES',0,0,0,9);
INSERT INTO tblExame VALUES(7,'APARELHO URINARIO',0,0,0,9);
INSERT INTO tblExame VALUES(8,'PELVICA',0,0,0,9);
INSERT INTO tblExame VALUES(9,'OBSTETRICA',0,0,0,9);
INSERT INTO tblExame VALUES(10,'PROSTATA ABDOMINAL',0,0,0,9);
INSERT INTO tblExame VALUES(11,'PROSTATA TRANSRETAL',0,0,0,9);
INSERT INTO tblExame VALUES(12,'ARTICULACAO (OMBRO/COTOVELO/PUNHO/MAO/PE/JOELHO',0,0,0,9);
INSERT INTO tblExame VALUES(13,'ORGAOS SUPERFICIAIS (GLADULAS,TIREOIDE,MUSCULOS)',0,0,0,9);
INSERT INTO tblExame VALUES(14,'TESTICULOS/BOLSA ESCROTAL',0,0,0,9);
INSERT INTO tblExame VALUES(15,'BOLSA ESCROTAL',0,0,0,9);
INSERT INTO tblExame VALUES(16,'SUPRA-RENAIS',0,0,0,9);
INSERT INTO tblExame VALUES(17,'TIREOIDE',0,0,0,9);
INSERT INTO tblExame VALUES(18,'PAREDE ABDOMINAL',0,0,0,9);
INSERT INTO tblExame VALUES(19,'GLANDULAS PAROTIDAS OU SALIVARES',0,0,0,9);
INSERT INTO tblExame VALUES(20,'PRESSAO',0,0,0,7);
INSERT INTO tblExame VALUES(21,'CURATIVO PEQUENO',0,0,0,7);
INSERT INTO tblExame VALUES(22,'RETIRADA DE PONTOS (QUALQUER QUANTIDADE)',0,0,0,7);
INSERT INTO tblExame VALUES(23,'APLICACAO DE OUTROS INJETAVEIS - IM',0,0,0,7);
INSERT INTO tblExame VALUES(24,'APLICACAO SUB-CUTANEA (VACINAS)',0,0,0,7);
INSERT INTO tblExame VALUES(25,'CRANEO - AP/PERFIL (2 INCIDENCIAS) / 31,10 / 25',0,0,0,8);
INSERT INTO tblExame VALUES(26,'CRANEO - AP + PERFIL + BRETTON / 33,73 / 25',0,0,0,8);
INSERT INTO tblExame VALUES(27,'ADENOIDES / 27,19',0,0,0,8);
INSERT INTO tblExame VALUES(28,'ARCADA ZIGOMATICA MALAR - AP/OBLIQUA / 31,03 /',0,0,0,8);
INSERT INTO tblExame VALUES(29,'CAVUM / 29,30 / 25,00',0,0,0,8);
INSERT INTO tblExame VALUES(30,'CONDUTOS AUDITIVOS INTERNOS / 9,50',0,0,0,8);
INSERT INTO tblExame VALUES(31,'MASTOIDES OU ROCHEDOS BILATERAL / 15,96',0,0,0,8);
INSERT INTO tblExame VALUES(32,'MAXILAR INFERIOR / 31,03 /',0,0,0,8);
INSERT INTO tblExame VALUES(33,'ORBITAS - AP/OBLIQUA/HIRTZ / 33,90 / 0',0,0,0,8);
INSERT INTO tblExame VALUES(34,'OSSOS DA FACE / 33,90 / 0',0,0,0,8);
INSERT INTO tblExame VALUES(35,'SEIOS DA FACE - MN + FN + LAT / 33,90 / 25',0,0,0,8);
INSERT INTO tblExame VALUES(36,'SELA TURCICA OU TURCA / 31,03 /',0,0,0,8);
INSERT INTO tblExame VALUES(37,'COLUNA CERVICAL / 30,65 / 28',0,0,0,8);
INSERT INTO tblExame VALUES(38,'COLUNA DORSAL OU TORACICA / 34,10 / 28',0,0,0,8);
INSERT INTO tblExame VALUES(39,'COLUNA LOMBO-SACRA / 37,49 / 28',0,0,0,8);
INSERT INTO tblExame VALUES(40,'SACRO-COCCIX - AP + LAT / 33,14 / 25',0,0,0,8);
INSERT INTO tblExame VALUES(41,'COLUNA CERVICAL + DORSAL + LOMBO-SACRA/102,24/82',0,0,0,8);
INSERT INTO tblExame VALUES(42,'ABDOMEM AGUDO / 50,79',0,0,0,8);
INSERT INTO tblExame VALUES(43,'ABDOMEM - AP (1 INCIDENCIA) / 30,65 / 25',0,0,0,8);
INSERT INTO tblExame VALUES(44,'ABDOMEM - AP/LAT (2 INCIDENCIAS) / 36,23 /',0,0,0,8);
INSERT INTO tblExame VALUES(45,'ANTE-BRACO - CADA / 26,92 / 20',0,0,0,8);
INSERT INTO tblExame VALUES(46,'ARTICULACAO - ACROMIO-CLAVICULAR / 29,30',0,0,0,8);
INSERT INTO tblExame VALUES(47,'ARTICULACAO - ESCAPULO-UMERAL / 29,30 /',0,0,0,8);
INSERT INTO tblExame VALUES(48,'ARTICULACAO - ESTERNO-CLAVICULAR / 30,65 /',0,0,0,8);
INSERT INTO tblExame VALUES(49,'BRACO - CADA / 31,10 / 20',0,0,0,8);
INSERT INTO tblExame VALUES(50,'CLAVICULA - CADA / 31,10 / 25',0,0,0,8);
INSERT INTO tblExame VALUES(51,'COSTELAS POR HEMI-TORAX / 34,10 / 25',0,0,0,8);
INSERT INTO tblExame VALUES(52,'GRADIL COSTAL /',0,0,0,8);
INSERT INTO tblExame VALUES(53,'HEMI-TORAX / 34,10 /',0,0,0,8);
INSERT INTO tblExame VALUES(54,'COTOVELO - CADA / 25,12 / 20',0,0,0,8);
INSERT INTO tblExame VALUES(55,'ESTERNOS / 33,35',0,0,0,8);
INSERT INTO tblExame VALUES(56,'MAO E PUNHO PARA IDADE OSSEA / 24,67',0,0,0,8);
INSERT INTO tblExame VALUES(57,'MAO / 25,12 / 20',0,0,0,8);
INSERT INTO tblExame VALUES(58,'QUIRODACTILOS - DEDOS DA MAO / 25,12',0,0,0,8);
INSERT INTO tblExame VALUES(59,'OMOPLATA - CADA / 33,35 / 0',0,0,0,8);
INSERT INTO tblExame VALUES(60,'ARTICULACAO - COXO-FEMURAL (QUADRIL) / 32,60 / 25',0,0,0,8);
INSERT INTO tblExame VALUES(61,'ARTICULACAO - SACRO-ILIACAS / 33,35 / 25',0,0,0,8);
INSERT INTO tblExame VALUES(62,'ARTICULACAO - TIBIA-TARSICA / 25,12 /',0,0,0,8);
INSERT INTO tblExame VALUES(63,'BACIA / 27,99 / 25',0,0,0,8);
INSERT INTO tblExame VALUES(64,'CALCANEO /     / 20',0,0,0,8);
INSERT INTO tblExame VALUES(65,'COXA (FEMUR) - CADA / 34,10 / 25',0,0,0,8);
INSERT INTO tblExame VALUES(66,'ESCANOMETRIA / 31,41 / 0',0,0,0,8);
INSERT INTO tblExame VALUES(67,'JOELHO - AP + LAT  / 27,30 / 25',0,0,0,8);
INSERT INTO tblExame VALUES(68,'PE OU PODODACTILOS - CADA / 26,92 / 20',0,0,0,8);
INSERT INTO tblExame VALUES(69,'PERNA - CADA / 30,30 /',0,0,0,8);
INSERT INTO tblExame VALUES(70,'HIPOFARINGE / 15,96 / 0',0,0,0,8);
INSERT INTO tblExame VALUES(71,'LARINGE / 30,63 / 0',0,0,0,8);
INSERT INTO tblExame VALUES(72,'MEDIASTINO / 13,30',0,0,0,8);
INSERT INTO tblExame VALUES(73,'TORAX - APICO-LORDOTICA / 21,45 /',0,0,0,8);
INSERT INTO tblExame VALUES(74,'TORAX - AP + PERFIL / 29 / 25',0,0,0,8);
INSERT INTO tblExame VALUES(75,'TORAX - AP + PERFIL + OBLIQUAS / 41,67',0,0,0,8);
INSERT INTO tblExame VALUES(76,'to',0,0,0,8);
INSERT INTO tblExame VALUES(77,'DENSITOMETRIA OSSEA - (ULTRA-RAD) / 94,22',0,0,0,8);
INSERT INTO tblExame VALUES(78,'COLPOCITOLOGIA',0,0,0,7);
INSERT INTO tblExame VALUES(79,'CONSULTA MEDICA',0,0,0,7);
INSERT INTO tblExame VALUES(80,'CONSULTA ODONTOLOGICA',0,0,0,7);
INSERT INTO tblExame VALUES(81,'ELETROCARDIOGRAMA',0,0,0,7);
INSERT INTO tblExame VALUES(82,'PENISCOPIA',0,0,0,7);
INSERT INTO tblExame VALUES(83,'RETIRADA DE DIU/CORPO ESTRANHO',0,0,0,7);
INSERT INTO tblExame VALUES(84,'ATESTADO - C/ FIRMA RECONHECIDA (INSS/JUSTICA)',0,0,0,7);
INSERT INTO tblExame VALUES(85,'CONSULTA CONVENIOS/ATI',0,0,0,7);
INSERT INTO tblExame VALUES(86,'ECG-ELETROCARDIOGRAMA',0,0,0,1);
INSERT INTO tblExame VALUES(87,'ECOCARDIOGRAMA BIDIMENSIONAL C/ DOPPLER-PB/120',0,0,0,1);
INSERT INTO tblExame VALUES(88,'ECODOPLER DE CAROTIDAS E VERTEBRAIS',0,0,0,1);
INSERT INTO tblExame VALUES(89,'ECOCARDIOGRAMA BIDIMENSIONAL C/DOPPLER-COLOR/140',0,0,0,1);
INSERT INTO tblExame VALUES(90,'COLUNA CERVICAL - COM OBLIQUAS / 35,25 / 25',0,0,0,8);
INSERT INTO tblExame VALUES(91,'COLUNA LOMBO-SACRA - COM OBLIQUAS / 44,65 / 0',0,0,0,8);
INSERT INTO tblExame VALUES(92,'CRANEO - BRETTON + HIRTZ / 37,50',0,0,0,8);
INSERT INTO tblExame VALUES(93,'ATM / 33,90',0,0,0,8);
INSERT INTO tblExame VALUES(94,'SEIOS DA FACE - MN + FN + LAT + HIRTZ',0,0,0,8);
INSERT INTO tblExame VALUES(95,'PUNHO - AP + LAT + OBLIQUA / 27,82 / 20',0,0,0,8);
INSERT INTO tblExame VALUES(96,'JOELHO - AP + LAT + AXIAL / 30,17 / 0',0,0,0,8);
INSERT INTO tblExame VALUES(97,'CORACAO + VASOS DA BASE - OBLIQUA / 41,67',0,0,0,8);
INSERT INTO tblExame VALUES(98,'CORACAO + VASOS DA BASE - AP + LAT / 29,01',0,0,0,8);
INSERT INTO tblExame VALUES(99,'TORAX',0,0,0,8);
INSERT INTO tblExame VALUES(100,'ENDOSCOPIA',0,0,0,7);
INSERT INTO tblExame VALUES(101,'ATESTADO C/ ECG - ACADEMIA - ESPORTE (CARDIO)',0,0,0,7);
INSERT INTO tblExame VALUES(102,'DOPPLER COLOR - CAROTIDAS',0,0,0,9);
INSERT INTO tblExame VALUES(103,'DOPPLER COLOR - Ms INFERIORES - ARTERIA/VEIA CADA',0,0,0,9);
INSERT INTO tblExame VALUES(104,'TIBIA /      / 25',0,0,0,8);
INSERT INTO tblExame VALUES(105,'QUADRIL - ARTICULACAO COXO-FEMURAL / 32,60',0,0,0,8);
INSERT INTO tblExame VALUES(106,'BACIA PANORAMICA /',0,0,0,8);
INSERT INTO tblExame VALUES(107,'TOMOGRAFIA - PULMAO - S/CONTRASTE',0,0,0,8);
INSERT INTO tblExame VALUES(108,'TOMOGRAFIA - PULMAO - C/CONTRASTE',0,0,0,8);
INSERT INTO tblExame VALUES(109,'COLPOSCOPIA/DRA.TEREZA/IASERJ',0,0,0,7);
INSERT INTO tblExame VALUES(110,'APLICACAO DE VARIZES',0,0,0,7);
INSERT INTO tblExame VALUES(111,'DOPPLER COLOR - ARTERIAS RENAIS/120',0,0,0,9);
INSERT INTO tblExame VALUES(112,'RECEITA CONTROLADA - CADA RECEITA - BRANCA OU AZUL',0,0,0,7);
INSERT INTO tblExame VALUES(113,'LAVAGEM DE OUVIDO - UNILATERAL /  BILATERAL',0,0,0,7);
INSERT INTO tblExame VALUES(114,'IASERJ = BIOPSIA + HISTO',0,0,0,7);
INSERT INTO tblExame VALUES(115,'HEMI-FACE (PARTES MOLES)',0,0,0,8);
INSERT INTO tblExame VALUES(116,'OBSTETRICA MORFOLOGICA (18/23 SEMANAS)',0,0,0,9);
INSERT INTO tblExame VALUES(117,'ECODOPLER DE CAROTIDAS COMUM',0,0,0,1);
INSERT INTO tblExame VALUES(118,'COLPOSCOPIA = BIOPSIA+HISTO',0,0,0,7);
INSERT INTO tblExame VALUES(119,'HEMOGRAMA COMPLETO',0,0,0,2);
INSERT INTO tblExame VALUES(120,'GLICOSE',0,0,0,2);
INSERT INTO tblExame VALUES(121,'COAGULOGRAMA COMPLETO/3,50',0,0,0,2);
INSERT INTO tblExame VALUES(122,'UREIA',0,0,0,2);
INSERT INTO tblExame VALUES(123,'CREATININA',0,0,0,2);
INSERT INTO tblExame VALUES(124,'ACIDO URICO/1,40',0,0,0,2);
INSERT INTO tblExame VALUES(125,'SODIO',0,0,0,2);
INSERT INTO tblExame VALUES(126,'POTASSIO',0,0,0,2);
INSERT INTO tblExame VALUES(127,'GRUPO SANGUINEO',0,0,0,2);
INSERT INTO tblExame VALUES(128,'FATOR RH',0,0,0,2);
INSERT INTO tblExame VALUES(129,'GAMA-GLUTAMIL TRANSFERASE',0,0,0,2);
INSERT INTO tblExame VALUES(130,'FOSFATASE ALCALINA',0,0,0,2);
INSERT INTO tblExame VALUES(131,'PROTEINAS TOTAIS E FRAÇOES',0,0,0,2);
INSERT INTO tblExame VALUES(132,'PROVA DE FUNÇAO HEPATICA',0,0,0,2);
INSERT INTO tblExame VALUES(133,'TGO-TRANSAMINASE GLUTAMICO OXALO-ACETICA',0,0,0,2);
INSERT INTO tblExame VALUES(134,'TGP-TRANSAMINASE GLUTAMICO PIRUVICA',0,0,0,2);
INSERT INTO tblExame VALUES(135,'PROVAS DE FUNÇAO REUMATICA',0,0,0,2);
INSERT INTO tblExame VALUES(136,'PROTEINA C REATIVA',0,0,0,2);
INSERT INTO tblExame VALUES(137,'FATOR REUMATOIDE',0,0,0,2);
INSERT INTO tblExame VALUES(138,'ANTI-HIV 1+2/15,00',0,0,0,2);
INSERT INTO tblExame VALUES(139,'VDRL',0,0,0,2);
INSERT INTO tblExame VALUES(140,'FTA-ABS - IgG',0,0,0,2);
INSERT INTO tblExame VALUES(141,'FTA-ABS - IgM',0,0,0,2);
INSERT INTO tblExame VALUES(142,'RUBEOLA - IgG',0,0,0,2);
INSERT INTO tblExame VALUES(143,'RUBEOLA - IgM',0,0,0,2);
INSERT INTO tblExame VALUES(144,'TOXOPLASMOSE - IgG',0,0,0,2);
INSERT INTO tblExame VALUES(145,'TOXOPLASMOSE - IgM',0,0,0,2);
INSERT INTO tblExame VALUES(146,'BHCG/6,50',0,0,0,2);
INSERT INTO tblExame VALUES(147,'TRIIODODOTIRONINA - T3',0,0,0,2);
INSERT INTO tblExame VALUES(148,'TETRAIODOTIRONINA - T4',0,0,0,2);
INSERT INTO tblExame VALUES(149,'TIREODOTROFINA - TSH',0,0,0,2);
INSERT INTO tblExame VALUES(150,'TIROXINA LIVRE - T4 LIVRE',0,0,0,2);
INSERT INTO tblExame VALUES(151,'TRI-IODOTIRONINA LIVRE',0,0,0,2);
INSERT INTO tblExame VALUES(152,'ANTI TIREOIDE PEROXIDASE/TPO/6,00',0,0,0,2);
INSERT INTO tblExame VALUES(153,'FOLICULO ESTIMULANTE - FSH',0,0,0,2);
INSERT INTO tblExame VALUES(154,'HORMONIO LUTEINIZANTE - LH',0,0,0,2);
INSERT INTO tblExame VALUES(155,'ESTRADIOL - E2',0,0,0,2);
INSERT INTO tblExame VALUES(156,'ESTRONA - E1',0,0,0,2);
INSERT INTO tblExame VALUES(157,'PROLACTINA',0,0,0,2);
INSERT INTO tblExame VALUES(158,'PROGESTERONA',0,0,0,2);
INSERT INTO tblExame VALUES(159,'HISTOPATOLOGICO',0,0,0,2);
INSERT INTO tblExame VALUES(160,'CULTURA',0,0,0,2);
INSERT INTO tblExame VALUES(161,'CULTURA + ANTIBIOGRAMA',0,0,0,2);
INSERT INTO tblExame VALUES(162,'EAS',0,0,0,2);
INSERT INTO tblExame VALUES(163,'PARASITOLOGICO',0,0,0,2);
INSERT INTO tblExame VALUES(164,'PARASITOLOGICO - MIFF',0,0,0,2);
INSERT INTO tblExame VALUES(165,'HEMOGLOBILINA GLICOSILADA',0,0,0,2);
INSERT INTO tblExame VALUES(166,'HERPES SIMPLES - IgG',0,0,0,2);
INSERT INTO tblExame VALUES(167,'HERPES SIMPLES - IgM',0,0,0,2);
INSERT INTO tblExame VALUES(168,'LIPIDOGRAMA COMPLETO',0,0,0,2);
INSERT INTO tblExame VALUES(169,'PERFIL LIPIDICO',0,0,0,2);
INSERT INTO tblExame VALUES(170,'COLESTEROL/1,40',0,0,0,2);
INSERT INTO tblExame VALUES(171,'COLESTEROL - HDL/2,50',0,0,0,2);
INSERT INTO tblExame VALUES(172,'COLESTEROL - LDL/1,40',0,0,0,2);
INSERT INTO tblExame VALUES(173,'TRIGLICERIDEOS',0,0,0,2);
INSERT INTO tblExame VALUES(174,'COLESTEROL - VDL/4,00',0,0,0,2);
INSERT INTO tblExame VALUES(175,'HEMOCISTEINA',0,0,0,2);
INSERT INTO tblExame VALUES(176,'TEMPO DE PROTOMBINA',0,0,0,2);
INSERT INTO tblExame VALUES(177,'TEMPO DE TROMBOPLASTINA PARCIAL',0,0,0,2);
INSERT INTO tblExame VALUES(178,'VELOCIDADE DE HEMOSSIDEMENTACAO',0,0,0,2);
INSERT INTO tblExame VALUES(179,'CLORETOS/1,40',0,0,0,2);
INSERT INTO tblExame VALUES(180,'FRUTOSAMINA',0,0,0,2);
INSERT INTO tblExame VALUES(181,'ELETROFORESE DE PROTEINAS',0,0,0,2);
INSERT INTO tblExame VALUES(182,'ELETROFORESE DE HEMOGLOBINA',0,0,0,2);
INSERT INTO tblExame VALUES(183,'COOMBS INDIRETO/2,00',0,0,0,2);
INSERT INTO tblExame VALUES(184,'COOMBS DIRETO/2,00',0,0,0,2);
INSERT INTO tblExame VALUES(185,'CONTAGEM DE RETICULOCITOS/1,00',0,0,0,2);
INSERT INTO tblExame VALUES(186,'MUCOPROTEINAS - FRACAO TIROSINA',0,0,0,2);
INSERT INTO tblExame VALUES(187,'IMUNOGLOBULINA E - IgE',0,0,0,2);
INSERT INTO tblExame VALUES(188,'IMUNOGLOBULINA G - IgG',0,0,0,2);
INSERT INTO tblExame VALUES(189,'IMUNOGLOBULINA M - IgM',0,0,0,2);
INSERT INTO tblExame VALUES(190,'IMUNOGLOBULINA A - IgA',0,0,0,2);
INSERT INTO tblExame VALUES(191,'COMPLEMENTO C3/5,00',0,0,0,2);
INSERT INTO tblExame VALUES(192,'COMPLEMENTO C4/5,00',0,0,0,2);
INSERT INTO tblExame VALUES(193,'GLOBULINA DE LIGACAO',0,0,0,2);
INSERT INTO tblExame VALUES(194,'PSA TOTAL E LIVRE',0,0,0,2);
INSERT INTO tblExame VALUES(195,'TESTOSTERONA LIVRE',0,0,0,2);
INSERT INTO tblExame VALUES(196,'ALFA FETO PROTEINA/12,50',0,0,0,2);
INSERT INTO tblExame VALUES(197,'HEPATITE B HSAG (AUSTRALIA)',0,0,0,2);
INSERT INTO tblExame VALUES(198,'HEPATITE B ANTI-HBS',0,0,0,2);
INSERT INTO tblExame VALUES(199,'HEPATITE B HBE-AG',0,0,0,2);
INSERT INTO tblExame VALUES(200,'HEPATITE B ANTI-HBE',0,0,0,2);
INSERT INTO tblExame VALUES(201,'HEPATITE B ANTI-HBO IgM',0,0,0,2);
INSERT INTO tblExame VALUES(202,'HEPATITE B-ANTI HBC IgG',0,0,0,2);
INSERT INTO tblExame VALUES(203,'HEPATITE C-HCV',0,0,0,2);
INSERT INTO tblExame VALUES(204,'HEPATITE A-ANTI-HAV IGM',0,0,0,2);
INSERT INTO tblExame VALUES(205,'HEPATITE A-ANTI HAV IgG',0,0,0,2);
INSERT INTO tblExame VALUES(206,'MUSCULO',0,0,0,9);
INSERT INTO tblExame VALUES(207,'ARTICULACAO (TIREOIDE/PAR.ABD./B.ESCROTAL/MAMA)',0,0,0,9);
INSERT INTO tblExame VALUES(208,'OBSTETRICA GEMELAR',0,0,0,9);
INSERT INTO tblExame VALUES(209,'PROSTATA ABDOMINAL + V.URINARIAS (JUNTOS)',0,0,0,9);
INSERT INTO tblExame VALUES(210,'DOPPLER COLOR - PELVICA/OBSTETRICA/DUCTO VENOSO',0,0,0,9);
INSERT INTO tblExame VALUES(211,'DOPPLER COLOR - CAROTIDAS E VERTEBRAIS',0,0,0,9);
INSERT INTO tblExame VALUES(212,'DOPPLER COLOR - AORTA',0,0,0,9);
INSERT INTO tblExame VALUES(213,'DOPPLER COLOR - AORTA E ILIACAS',0,0,0,9);
INSERT INTO tblExame VALUES(214,'DOPPLER COLOR ARTERIAL - 1 PERNA',0,0,0,9);
INSERT INTO tblExame VALUES(215,'DOPPLER COLOR ARTERIAL - 2 PERNAS',0,0,0,9);
INSERT INTO tblExame VALUES(216,'DOPPLER COLOR VENOSO - 1 PERNA',0,0,0,9);
INSERT INTO tblExame VALUES(217,'DOPPLER COLOR VENOSO - 2 PERNAS',0,0,0,9);
INSERT INTO tblExame VALUES(218,'DOPPLER COLOR ARTERIAL + VENOSO - 1 PERNA',0,0,0,9);
INSERT INTO tblExame VALUES(219,'DOPPLER COLOR ARTERIAL + VENOSO - 2 PERNAS',0,0,0,9);
INSERT INTO tblExame VALUES(220,'DOPPLER COLOR VENOSO - 1 BRAÇO',0,0,0,9);
INSERT INTO tblExame VALUES(221,'DOPPLER COLOR VENOSO - 2 BRAÇOS',0,0,0,9);
INSERT INTO tblExame VALUES(222,'DOPPLER COLOR VENOSO + ARTERIAL - 1 BRAÇO',0,0,0,9);
INSERT INTO tblExame VALUES(223,'DOPPLER COLOR ARTERIAL + VENOSO - 2 BRAÇOS',0,0,0,9);
INSERT INTO tblExame VALUES(224,'ACIDO FOLICO/6,00',0,0,0,2);
INSERT INTO tblExame VALUES(225,'ACIDO HIPURICO',0,0,0,2);
INSERT INTO tblExame VALUES(226,'ACIDO LATICO/3,00',0,0,0,2);
INSERT INTO tblExame VALUES(227,'ACIDO MANDELICO/5,00',0,0,0,2);
INSERT INTO tblExame VALUES(228,'ACIDO OXALICO/5,00',0,0,0,2);
INSERT INTO tblExame VALUES(229,'ACIDO VALPROICO/8,00',0,0,0,2);
INSERT INTO tblExame VALUES(230,'ACIDO VANIL MANDELICO/3.30',0,0,0,2);
INSERT INTO tblExame VALUES(231,'ALBUMINA/1,40',0,0,0,2);
INSERT INTO tblExame VALUES(232,'ALDOLASE/4,90',0,0,0,2);
INSERT INTO tblExame VALUES(233,'ALDOSTERONA/12,50',0,0,0,2);
INSERT INTO tblExame VALUES(234,'AMILASE/1,40',0,0,0,2);
INSERT INTO tblExame VALUES(235,'ANDROSTENEDIONA/16,00',0,0,0,2);
INSERT INTO tblExame VALUES(236,'ANTI CARDIOLIPINA IGG/6,00',0,0,0,2);
INSERT INTO tblExame VALUES(237,'ANTI HAV IGG/10,00',0,0,0,2);
INSERT INTO tblExame VALUES(238,'ANTI HAV IGM/12,00',0,0,0,2);
INSERT INTO tblExame VALUES(239,'ANTI HBc IGC/10,00',0,0,0,2);
INSERT INTO tblExame VALUES(240,'ANTI HBc IGM/8,00',0,0,0,2);
INSERT INTO tblExame VALUES(241,'ANTI HBe/6,00',0,0,0,2);
INSERT INTO tblExame VALUES(242,'ANTI HBs/6,00',0,0,0,2);
INSERT INTO tblExame VALUES(243,'ANTI HISTONA/8,00',0,0,0,2);
INSERT INTO tblExame VALUES(244,'ANTI HIV I e II/15,00',0,0,0,2);
INSERT INTO tblExame VALUES(245,'ANTI HVC/20,00',0,0,0,2);
INSERT INTO tblExame VALUES(246,'ANTI PEROXIDASE - MICROSSOMIAL/6,00',0,0,0,2);
INSERT INTO tblExame VALUES(247,'ANTI TIREOIDE PEROXIDASE/6,00',0,0,0,2);
INSERT INTO tblExame VALUES(248,'ANTIBIOGRAMA/2,00',0,0,0,2);
INSERT INTO tblExame VALUES(249,'ANTICORPO ANTI LA-SSB/4,00',0,0,0,2);
INSERT INTO tblExame VALUES(250,'ANTICORPO ANTI RO-SSA/12,00',0,0,0,2);
INSERT INTO tblExame VALUES(251,'ANTICORPOS ANTI PLAQUETAS IGG/23,00',0,0,0,2);
INSERT INTO tblExame VALUES(252,'ANTICORPOS ANTI TRASGLUTAMINA/45,00',0,0,0,2);
INSERT INTO tblExame VALUES(253,'ANTICORPOS ANTI-MITOCONDRIAL/4,00',0,0,0,2);
INSERT INTO tblExame VALUES(254,'ANTICORPOS ANTI-TIREOGLOBULINA/6,00',0,0,0,2);
INSERT INTO tblExame VALUES(255,'ANTIESTREPTOLISINA "O"/1,50',0,0,0,2);
INSERT INTO tblExame VALUES(256,'ANTIGENO CARCINOEMBRIONARIO/CEA/15,50',0,0,0,2);
INSERT INTO tblExame VALUES(257,'ANTIGENO PROSTATICO ESPECIFICO/PSA/13,00',0,0,0,2);
INSERT INTO tblExame VALUES(258,'ANTIGENO PROSTATICO ESPECIFICO LIVRE/13,00',0,0,0,2);
INSERT INTO tblExame VALUES(259,'ANTITROMBINA III/14,00',0,0,0,2);
INSERT INTO tblExame VALUES(260,'APOLIPOPROTEINA B/9,00',0,0,0,2);
INSERT INTO tblExame VALUES(261,'APOLIPOPROTEINA A1/8,00',0,0,0,2);
INSERT INTO tblExame VALUES(262,'AUTO ANTICORPOS ANTI RNA/6,00',0,0,0,2);
INSERT INTO tblExame VALUES(263,'BACTERISCOPIA/1,50',0,0,0,2);
INSERT INTO tblExame VALUES(264,'BETA 2 MICROGLOBULINA/30,00',0,0,0,2);
INSERT INTO tblExame VALUES(265,'BILIRRUBINA TOTAL E FRACOES/1,50',0,0,0,2);
INSERT INTO tblExame VALUES(266,'BRUCELOSE/2,00',0,0,0,2);
INSERT INTO tblExame VALUES(267,'CA 125/25,00',0,0,0,2);
INSERT INTO tblExame VALUES(268,'CA 15-3/25,00',0,0,0,2);
INSERT INTO tblExame VALUES(269,'CA 19-9/25,00',0,0,0,2);
INSERT INTO tblExame VALUES(270,'CA 72-4/25,00',0,0,0,2);
INSERT INTO tblExame VALUES(271,'CADMIO/11,00',0,0,0,2);
INSERT INTO tblExame VALUES(272,'CALCIO/1,40',0,0,0,2);
INSERT INTO tblExame VALUES(273,'CALCIO IONIZAVEL/2,00',0,0,0,2);
INSERT INTO tblExame VALUES(274,'CALCIO URINARIO/1,40',0,0,0,2);
INSERT INTO tblExame VALUES(275,'CALCITONINA/22,50',0,0,0,2);
INSERT INTO tblExame VALUES(276,'CARBAZEPINA/10,00',0,0,0,2);
INSERT INTO tblExame VALUES(277,'CARBOXIHEMOGLOBINA/7,00',0,0,0,2);
INSERT INTO tblExame VALUES(278,'CATECOLAMINAS SERICAS/12,00',0,0,0,2);
INSERT INTO tblExame VALUES(279,'CATECOLAMINAS URINARIAS/3,30',0,0,0,2);
INSERT INTO tblExame VALUES(280,'CD4/CD8/CD3 SUBPOPULACAO LINF./67,00',0,0,0,2);
INSERT INTO tblExame VALUES(281,'CELULAS LE/1,40',0,0,0,2);
INSERT INTO tblExame VALUES(282,'CITOMEGALOVIRUS IGG/6,70',0,0,0,2);
INSERT INTO tblExame VALUES(283,'CITOMEGALOVIRUS IGM/6,70',0,0,0,2);
INSERT INTO tblExame VALUES(284,'COLPOCITOLOGIA/6,50',0,0,0,2);
INSERT INTO tblExame VALUES(285,'CK FRACAO "MB"/10,00',0,0,0,2);
INSERT INTO tblExame VALUES(286,'COMPLEMENTO C2/70,00',0,0,0,2);
INSERT INTO tblExame VALUES(287,'COMPLEMENTO CH 50/4,00',0,0,0,2);
INSERT INTO tblExame VALUES(288,'COMPLEMENTO SERICO TOTAL CH 10/20,00',0,0,0,2);
INSERT INTO tblExame VALUES(289,'CONTAGEM DE ADDIS/1,00',0,0,0,2);
INSERT INTO tblExame VALUES(290,'CONTAGEM DE PLAQUETAS/1,00',0,0,0,2);
INSERT INTO tblExame VALUES(291,'ECO C/ DOPLER COLORIDO - DRA.DELMA / 90',0,0,0,8);
INSERT INTO tblExame VALUES(292,'ECODOPLER - DRA.DELMA / 90',0,0,0,8);
INSERT INTO tblExame VALUES(293,'FIBRONASOSCOPIA/80',0,0,0,3);
INSERT INTO tblExame VALUES(294,'LARINGOSCOPIA DIRETA/80',0,0,0,3);
INSERT INTO tblExame VALUES(295,'FIBRONASOFARINGOLARINGOSCOPIA/120',0,0,0,3);
INSERT INTO tblExame VALUES(296,'ALFA-FETOPROTEINA / 15=20 / 10 D',0,0,0,4);
INSERT INTO tblExame VALUES(297,'ACIDO HIPURICO URINARIO / 7,20 = 15 /',0,0,0,4);
INSERT INTO tblExame VALUES(298,'ACIDO LATICO / 3,60 = 0 /',0,0,0,4);
INSERT INTO tblExame VALUES(299,'ACIDO URICO / 1,68 = 3 / 3 D',0,0,0,4);
INSERT INTO tblExame VALUES(300,'ACIDO VALPROICO / 18 = 35 /',0,0,0,4);
INSERT INTO tblExame VALUES(301,'ALDOLASE / 3,24 = 5 /  7 D',0,0,0,4);
INSERT INTO tblExame VALUES(302,'ALDOSTERONA / 15 = 30 / 10 D',0,0,0,4);
INSERT INTO tblExame VALUES(303,'AMILASE / 1,68 = 5 / 3 D',0,0,0,4);
INSERT INTO tblExame VALUES(304,'ANDROSTETENEDIONA / 19,20 = 22 /',0,0,0,4);
INSERT INTO tblExame VALUES(305,'ANTIGENO CARCINOEMBRIOGENICO (CEA) / 22,80 = 25 /',0,0,0,4);
INSERT INTO tblExame VALUES(306,'ANTI-ESTREPTOLISINA O (ASLO) / 1,50 = 5 / 3 D',0,0,0,4);
INSERT INTO tblExame VALUES(307,'ANTIGENO PROSTATICO ESPECIFICO (PSA) / 13 = 25 /',0,0,0,4);
INSERT INTO tblExame VALUES(308,'ANTI-HAV-IGG (HEPATITE A) / 10 / 7 D',0,0,0,4);
INSERT INTO tblExame VALUES(309,'ANTI-HAV-IGM (HEPATITE A) / 12 / 7 D',0,0,0,4);
INSERT INTO tblExame VALUES(310,'ANTI-HBC-IGG (HEPATITE B) /10 = 18 /',0,0,0,4);
INSERT INTO tblExame VALUES(311,'ANTI-HBC-IGM (HEPATITE B) / 12 = 18 /  7 D',0,0,0,4);
INSERT INTO tblExame VALUES(312,'ANTI-HBE (HEPATITE B) / 6 = 18 /  7 D',0,0,0,4);
INSERT INTO tblExame VALUES(313,'ANTI-HBS (HEPATITE B) / 6 = 20 / 7 D',0,0,0,4);
INSERT INTO tblExame VALUES(314,'ANTI-HCV ( HEPATITE C) / 20 = 18 / 10 D',0,0,0,4);
INSERT INTO tblExame VALUES(315,'ANTI-HIV I-II / 15 = 35 / 7 D',0,0,0,4);
INSERT INTO tblExame VALUES(316,'ANTI-HTLV 1-2 / 0 = 30 / 10 D',0,0,0,4);
INSERT INTO tblExame VALUES(317,'ANTI-PEROXIDASE - MICROSSOMIAL / 6 = 0 / 10 D',0,0,0,4);
INSERT INTO tblExame VALUES(318,'ANTI-MITOCONDRIAL / 4 = 32 / 10 D',0,0,0,4);
INSERT INTO tblExame VALUES(319,'ANTI-SS-A (RO) / 12 = 30 / 10 D',0,0,0,4);
INSERT INTO tblExame VALUES(320,'ANTI-SS-B (RA) / 4 = 30 / 10 D',0,0,0,4);
INSERT INTO tblExame VALUES(321,'ANTI-TPO / 6 = 20 / 10 D',0,0,0,4);
INSERT INTO tblExame VALUES(322,'APOLIPOPROTEINA A / 9,60 = 25 / 7 D',0,0,0,4);
INSERT INTO tblExame VALUES(323,'APOLIPOPROTEINA B / 9,60 = 25 / 7 D',0,0,0,4);
INSERT INTO tblExame VALUES(324,'BAAR (BACILO DA TUBERCULOSE) / 1,50 = 5 / 5 D',0,0,0,4);
INSERT INTO tblExame VALUES(325,'BACTERIOSCOPIA / 1,80 = 3  / 2 D',0,0,0,4);
INSERT INTO tblExame VALUES(326,'BETA 2 MICROGLOBULINA / 36 = 0 / 10 D',0,0,0,4);
INSERT INTO tblExame VALUES(327,'BETA-HCG / 7,80 = 15 / 2 D',0,0,0,4);
INSERT INTO tblExame VALUES(328,'BILIRRUBINA TOTAL E FRACOES / 1,80 = 6  / 3 D',0,0,0,4);
INSERT INTO tblExame VALUES(329,'BRUCELOSE / 2,40 = 8 / 7 D',0,0,0,4);
INSERT INTO tblExame VALUES(330,'CA-125 (OVARIO) / 30 = 28 / 10 D',0,0,0,4);
INSERT INTO tblExame VALUES(331,'CA-15.3 (MAMA) / 30 = 28 /  10 D',0,0,0,4);
INSERT INTO tblExame VALUES(332,'CA-19.9 / 30 = 28 / 10 D',0,0,0,4);
INSERT INTO tblExame VALUES(333,'CALCIO / 1,68 = 3 / 2 D',0,0,0,4);
INSERT INTO tblExame VALUES(334,'CALCIO IONICO / 4,80 = 8 / 3 D',0,0,0,4);
INSERT INTO tblExame VALUES(335,'ACIDO URICO URINARIO - 24 H / 1,68 = 3 /',0,0,0,4);
INSERT INTO tblExame VALUES(336,'CA-72-4 / 30 = 0 / 10 D',0,0,0,4);
INSERT INTO tblExame VALUES(337,'ANTI-TIREOIDE PEROXIDASE (TPO) / 6 = 20 / 10 D',0,0,0,4);
INSERT INTO tblExame VALUES(338,'CULTURA + ANTIBIOGRAMA / 8 = 16 /',0,0,0,4);
INSERT INTO tblExame VALUES(339,'ANTICORPO ANTI-HBC IGM / HEPATITE B / 12 = 18 /',0,0,0,4);
INSERT INTO tblExame VALUES(340,'ANTICORPO ANTI HBC-IGG / HEPATITE B / 10 = 18 /',0,0,0,4);
INSERT INTO tblExame VALUES(341,'ANTICORPO ANTI HBS / HEPATITE B / 9,60 = 12 /',0,0,0,4);
INSERT INTO tblExame VALUES(342,'ANTICORPO ANTI HCV / HEPATITE C / 24 = 18 /',0,0,0,4);
INSERT INTO tblExame VALUES(343,'ANTICORPO ANTI-MITOCONDRIAL / 4,80 = 32 /',0,0,0,4);
INSERT INTO tblExame VALUES(344,'ANTIGENO PROSTATICO ESPECIFICO TOTAL / 13 = 15 /',0,0,0,4);
INSERT INTO tblExame VALUES(345,'ANTIGENO S HEPATITE  B / 6 = 10 /',0,0,0,4);
INSERT INTO tblExame VALUES(346,'CALCITONINA / 27 = 30 /',0,0,0,4);
INSERT INTO tblExame VALUES(347,'CARBAMAZEPINA / 18 = 20 /',0,0,0,4);
INSERT INTO tblExame VALUES(348,'CARBOXIHEMOGLOBINA / 7 = 10 /',0,0,0,4);
INSERT INTO tblExame VALUES(349,'CD-4 / 35 = 35 /',0,0,0,4);
INSERT INTO tblExame VALUES(350,'CD-8 + SUBPOPULACAO LINFOCITOS / 35 = 0 /',0,0,0,4);
INSERT INTO tblExame VALUES(351,'CELULAS LE / 2,40=0 /',0,0,0,4);
INSERT INTO tblExame VALUES(352,'CITOMEGALOVIRUS IGG / 8,04 = 15 /',0,0,0,4);
INSERT INTO tblExame VALUES(353,'CITOMEGALOVIRUS IGG+IGM / 20,04 = 33 /',0,0,0,4);
INSERT INTO tblExame VALUES(354,'CK FRACAO MB / 10 = 14,60 /',0,0,0,4);
INSERT INTO tblExame VALUES(355,'CLASSIFICACAO SANGUINEA / 2 = 5 /',0,0,0,4);
INSERT INTO tblExame VALUES(356,'COAGULOGRAMA / 7,20 = 13 /',0,0,0,4);
INSERT INTO tblExame VALUES(357,'COLESTEROL HDL / 4,80 = 5 /',0,0,0,4);
INSERT INTO tblExame VALUES(358,'COLESTEROL LDL / 4,80 = 5 /',0,0,0,4);
INSERT INTO tblExame VALUES(359,'COLESTEROL VLDL / 3,60 = 10 /',0,0,0,4);
INSERT INTO tblExame VALUES(360,'COLESTEROL TOTAL / 1,68 = 3 /',0,0,0,4);
INSERT INTO tblExame VALUES(361,'COLPOCITOLOGIA / 8,40 = 15 /',0,0,0,4);
INSERT INTO tblExame VALUES(362,'CONTAGEM DE PLAQUETAS / 1,20= 3 /',0,0,0,4);
INSERT INTO tblExame VALUES(363,'CONTAGEM DE RETICULOCITOS / 1 = 4 /',0,0,0,4);
INSERT INTO tblExame VALUES(364,'COOMBS INDIRETO / 2 = 6 /',0,0,0,4);
INSERT INTO tblExame VALUES(365,'COPROCULTURA / 4 = 18 /',0,0,0,4);
INSERT INTO tblExame VALUES(366,'CORTISOL LIVRE URINARIO / 18 = 20 /',0,0,0,4);
INSERT INTO tblExame VALUES(367,'CORTISOL (MANHA) / 9 = 20 /',0,0,0,4);
INSERT INTO tblExame VALUES(368,'CREATININA / 2,40 = 3 /',0,0,0,4);
INSERT INTO tblExame VALUES(369,'CREATINO FOSFOQUINASE (CPK) / 6 = 8 /',0,0,0,4);
INSERT INTO tblExame VALUES(370,'CRIOAGLUTININAS / 1,68 = 0 /',0,0,0,4);
INSERT INTO tblExame VALUES(371,'CRIOGLOBULINAS / 1,68 = 0 /',0,0,0,4);
INSERT INTO tblExame VALUES(372,'CULTURA PARA BACILO DE KOCK (BK) / 8,40 = 20 /',0,0,0,4);
INSERT INTO tblExame VALUES(373,'CULTURA PARA FUNGOS / 2,70 = 16 /',0,0,0,4);
INSERT INTO tblExame VALUES(374,'DEHIDROEPIANDROSTERONA (DHEA) / 10 = 20 /',0,0,0,4);
INSERT INTO tblExame VALUES(375,'DEHIDROTESTOSTERONA (DHT) / 19,20 = 20 /',0,0,0,4);
INSERT INTO tblExame VALUES(376,'DENGUE IGG / 15,60 = 25 /',0,0,0,4);
INSERT INTO tblExame VALUES(377,'DENGUE IGG + IGM / 40 = 50 /',0,0,0,4);
INSERT INTO tblExame VALUES(378,'DESIDROGENASE LACTICA / 3,60 = 0 /',0,0,0,4);
INSERT INTO tblExame VALUES(379,'DHEA (DEHIDROEPIANDROSTERONA) / 12,60 = 20 /',0,0,0,4);
INSERT INTO tblExame VALUES(380,'DIGOXINA /8,40=0/',0,0,0,4);
INSERT INTO tblExame VALUES(381,'DOSAGEM DE TIREOGLOBULINA / 14 = 0 /',0,0,0,4);
INSERT INTO tblExame VALUES(382,'EAF (ELEMENTOS ANORMAIS NAS FEZES) / 1 = 3 /',0,0,0,4);
INSERT INTO tblExame VALUES(383,'EAS / 2,40 = 5 /',0,0,0,4);
INSERT INTO tblExame VALUES(384,'ECA (ENZ. CONVERSORA DA ANGIOTENSINA) / 32 = 35 /',0,0,0,4);
INSERT INTO tblExame VALUES(385,'ELEMENTOS ANORMAIS NAS FEZES (EAF) / 1 = 3 /',0,0,0,4);
INSERT INTO tblExame VALUES(386,'ELETROFORESE DE LIPOPROTEINAS / 4,80= 12 /',0,0,0,4);
INSERT INTO tblExame VALUES(387,'ELETROFORESE DAS PROTEINAS - URINA / 6 = 12 /',0,0,0,4);
INSERT INTO tblExame VALUES(388,'ELETROFORESE DE PROTEINAS - SANGUE / 4,80 = 12 /',0,0,0,4);
INSERT INTO tblExame VALUES(389,'ENZ.CONVERSORA DA ANGIOTENSINA (ECA) / 32 = 35 /',0,0,0,4);
INSERT INTO tblExame VALUES(390,'ERITROGRAMA (SERIE VERMELHA) / 2,40 = 5 /',0,0,0,4);
INSERT INTO tblExame VALUES(391,'ESPERMOCULTURA / 2,70 = 16 /',0,0,0,4);
INSERT INTO tblExame VALUES(392,'ESTRADIOL ( E2) / 12 = 15 /',0,0,0,4);
INSERT INTO tblExame VALUES(393,'ESTRIOL URINARIO / 7,20 = 0 /',0,0,0,4);
INSERT INTO tblExame VALUES(394,'ESTRIOL (E3) / 13,20 = 20 /',0,0,0,4);
INSERT INTO tblExame VALUES(395,'ESTROGENIOS TOTAIS ( ETT) / 4,80 = 15 /',0,0,0,4);
INSERT INTO tblExame VALUES(396,'ESTRONA (E1) / 12 = 25 /',0,0,0,4);
INSERT INTO tblExame VALUES(397,'FATOR IX / 4 = 0 /',0,0,0,4);
INSERT INTO tblExame VALUES(398,'FATOR REUMATOIDE (PROVA DO LATEX) / 2,40 = 3 /',0,0,0,4);
INSERT INTO tblExame VALUES(399,'FATOR RH / 1 = 5  /',0,0,0,4);
INSERT INTO tblExame VALUES(400,'FATOR VIII / 10 = 0 /',0,0,0,4);
INSERT INTO tblExame VALUES(401,'FERRITINA / 15 = 25 /',0,0,0,4);
INSERT INTO tblExame VALUES(402,'FERRO SERICO / 2,16 = 3 /',0,0,0,4);
INSERT INTO tblExame VALUES(403,'FIBRINOGENIO / 2,40 = 12 /',0,0,0,4);
INSERT INTO tblExame VALUES(404,'FRUTOSAMINAS / 5,40 = 10 /',0,0,0,4);
INSERT INTO tblExame VALUES(405,'FTA-ABS IGG / 3,60 = 12 /',0,0,0,4);
INSERT INTO tblExame VALUES(406,'FTA-ABS IGM / 3,60 = 12 /',0,0,0,4);
INSERT INTO tblExame VALUES(407,'FTA-ABS IGG+IGM / 7,20 = 24 /',0,0,0,4);
INSERT INTO tblExame VALUES(408,'GAMA GLOBULINA / 1 = 0 /',0,0,0,4);
INSERT INTO tblExame VALUES(409,'GAMA GLUTAMIL TRANSFERASE / 2,40 = 5 /',0,0,0,4);
INSERT INTO tblExame VALUES(410,'GLICOSE 6 FOSFATO DEHIDROGENASE / 2,20 = 0 /',0,0,0,4);
INSERT INTO tblExame VALUES(411,'GLICOSE / 1,68 = 3 /',0,0,0,4);
INSERT INTO tblExame VALUES(412,'GLOBULINAS / 1,40 = 0 /',0,0,0,4);
INSERT INTO tblExame VALUES(413,'GRUPO SANGUINEO / 1 = 5 /',0,0,0,4);
INSERT INTO tblExame VALUES(414,'H.ESTIMULANTE DA TIREOIDE (TSH) / 8,50 = 10 /',0,0,0,4);
INSERT INTO tblExame VALUES(415,'H.ESTRADIOL (E2) / 10 = 15 /',0,0,0,4);
INSERT INTO tblExame VALUES(416,'H.FOLICULO ESTIMULANTE (FSH) / 7,80 = 13 /',0,0,0,4);
INSERT INTO tblExame VALUES(417,'H.LUTEINIZANTE (LH) / 7,80= 13 /',0,0,0,4);
INSERT INTO tblExame VALUES(418,'H.PROGESTERONA / 12,60 = 13 /',0,0,0,4);
INSERT INTO tblExame VALUES(419,'H.PROLACTINA / 10,20 = 13 /',0,0,0,4);
INSERT INTO tblExame VALUES(420,'H.TESTOSTERONA LIVRE / 15 = 18 /',0,0,0,4);
INSERT INTO tblExame VALUES(421,'H.TESTOSTERONA TOTAL / 7 = 14 /',0,0,0,4);
INSERT INTO tblExame VALUES(422,'H.TIREO-ESTIMULANTE (TIREOTROFINA) / 8,50 = 0 /',0,0,0,4);
INSERT INTO tblExame VALUES(423,'H.TIROXINA LIVRE (T4 LIVRE) / 8,50 = 10 /',0,0,0,4);
INSERT INTO tblExame VALUES(424,'H.TIROXINA TOTAL (T4) / 6,50 = 10 /',0,0,0,4);
INSERT INTO tblExame VALUES(425,'H.TRI-IODOTIRONINA TOTAL (T3) / 8 = 10 /',0,0,0,4);
INSERT INTO tblExame VALUES(426,'HBE AG / HEPATITE B / 9,90 = 18 /',0,0,0,4);
INSERT INTO tblExame VALUES(427,'HBS AG / HEPATITE B / 7 = 10 /',0,0,0,4);
INSERT INTO tblExame VALUES(428,'HCV GENOTIPAGEM / 200 = 0 /',0,0,0,4);
INSERT INTO tblExame VALUES(429,'HEMOGLOBINA GLICADA / 4,50 = 12 /',0,0,0,4);
INSERT INTO tblExame VALUES(430,'HEMOGLOBINA / 1,20 = 2,50 /',0,0,0,4);
INSERT INTO tblExame VALUES(431,'HEMOGRAMA COM PLAQUETAS / 3 = 10 /',0,0,0,4);
INSERT INTO tblExame VALUES(432,'HEMOGRAMA COMPLETO / 3,60 = 8 /',0,0,0,4);
INSERT INTO tblExame VALUES(433,'HEMOSSEDIMENTACAO / VHS / 2,30 = 3 /',0,0,0,4);
INSERT INTO tblExame VALUES(434,'HEPATITE B DNA QUALITATIVO / 80 = 0 /',0,0,0,4);
INSERT INTO tblExame VALUES(435,'HEPATITE B DNA QUANTITATIVO / 250 = 0 /',0,0,0,4);
INSERT INTO tblExame VALUES(436,'HEPATITE C - PCR QUALITATIVO / 80 = 0 /',0,0,0,4);
INSERT INTO tblExame VALUES(437,'HEPATITE C - RNA - QUANTITATIVO / 20 = 0 /',0,0,0,4);
INSERT INTO tblExame VALUES(438,'HEPATITE D / 160 = 0 /',0,0,0,4);
INSERT INTO tblExame VALUES(439,'HEPATITE E / 70 = 0 /',0,0,0,4);
INSERT INTO tblExame VALUES(440,'HERPES SIMPLES 1 E 2 - IGG / 12 = 22 /',0,0,0,4);
INSERT INTO tblExame VALUES(441,'HERPES SIMPLES 1 E 2 - IGG+IGM / 26,40 = 44 /',0,0,0,4);
INSERT INTO tblExame VALUES(442,'HERPES SIMPLES 1 E 2 - IGM / 14,40 = 22 /',0,0,0,4);
INSERT INTO tblExame VALUES(443,'HERPES SIMPLES 1 E 2 - PCR / 90 = 0 /',0,0,0,4);
INSERT INTO tblExame VALUES(444,'HERPES SIMPLES 2 - IGG / 5 = 30 /',0,0,0,4);
INSERT INTO tblExame VALUES(445,'HERPES SIMPLES 2 - IGG+IGM / 10 = 60 /',0,0,0,4);
INSERT INTO tblExame VALUES(446,'HERPES SIMPLES 2 - IGM / 5 = 22 /',0,0,0,4);
INSERT INTO tblExame VALUES(447,'HISTOPATOLOGICO / 30 = 35 /',0,0,0,4);
INSERT INTO tblExame VALUES(448,'HISTOPLASMOSE / 3,24 = 0 /',0,0,0,4);
INSERT INTO tblExame VALUES(449,'HIV 1 - PCR QUANTITATIVO / 220 = 0 /',0,0,0,4);
INSERT INTO tblExame VALUES(450,'SOROLOGIA PARA CLAMIDIA  - IGG / 9 = 0 /',0,0,0,4);
INSERT INTO tblExame VALUES(451,'SOROLOGIA PARA CLAMIDIA - IGM / 9 = 0 /',0,0,0,4);
INSERT INTO tblExame VALUES(452,'SOROLOGIA PARA CLAMIDIA - IGG+IGM / 18 = 0 /',0,0,0,4);
INSERT INTO tblExame VALUES(453,'TROPONINA / 2,75 = 19,20 /',0,0,0,4);
INSERT INTO tblExame VALUES(454,'HOMOCISTEINA / 24 = 45 /',0,0,0,4);
INSERT INTO tblExame VALUES(455,'H.DO CRESCIMENTO (HCG) / 10,80= 30 /',0,0,0,4);
INSERT INTO tblExame VALUES(456,'IMUNOGLOBULINA A (IGA) / 6 = 18 /',0,0,0,4);
INSERT INTO tblExame VALUES(457,'IMUNOGLOBULINA G (IGG) / 6 = 18 /',0,0,0,4);
INSERT INTO tblExame VALUES(458,'IMUNOGLOBULINA M (IGM) / 6 = 18 /',0,0,0,4);
INSERT INTO tblExame VALUES(459,'INDICE DE HOMA-BETA / 6,60 = 0 /',0,0,0,4);
INSERT INTO tblExame VALUES(460,'INDICE DE HOMA-IR / 6,60 = 0 /',0,0,0,4);
INSERT INTO tblExame VALUES(461,'INSULINA / 6,60 = 20 /',0,0,0,4);
INSERT INTO tblExame VALUES(462,'LEPTOSPIROSE-REACAO DE AGLUTINACAO / 3,96 = 0 /',0,0,0,4);
INSERT INTO tblExame VALUES(463,'LIPASE / 1,80 = 5 /',0,0,0,4);
INSERT INTO tblExame VALUES(464,'LIPIDIOS TOTAIS / 1,20 = 5 /',0,0,0,4);
INSERT INTO tblExame VALUES(465,'LIPIDOGRAMA COMPLETO / 8,40 = 20 /',0,0,0,4);
INSERT INTO tblExame VALUES(466,'PERFIL LIPIDICO / 8,40 = 20 /',0,0,0,4);
INSERT INTO tblExame VALUES(467,'LIPOPROTEINA A / 9,60 = 25 /',0,0,0,4);
INSERT INTO tblExame VALUES(468,'LISTERIOSE / 4,80 = 14 /',0,0,0,4);
INSERT INTO tblExame VALUES(469,'LITIO / 2,40 = 6 /',0,0,0,4);
INSERT INTO tblExame VALUES(470,'EAF (ELEMENTOS ANORMAIS DE FEZES) / 1 = 3 /',0,0,0,4);
INSERT INTO tblExame VALUES(471,'MIF / 1,40 = 9 /',0,0,0,4);
INSERT INTO tblExame VALUES(472,'MONUCLEOSE / MONOTESTE / 2,40 = 10 /',0,0,0,4);
INSERT INTO tblExame VALUES(473,'MUCOPROTEINAS / 1,80 = 20 /',0,0,0,4);
INSERT INTO tblExame VALUES(474,'PARASITOLOGICO / 2,40 = 6 /',0,0,0,4);
INSERT INTO tblExame VALUES(475,'PCR QUALITATIVO CITOMEGALOVIRUS / 200 = 0 /',0,0,0,4);
INSERT INTO tblExame VALUES(476,'PESQUISA DE BAAR / 1,50 = 5 /',0,0,0,4);
INSERT INTO tblExame VALUES(477,'PESQUISA DE CITOMEGALOVIRUS - IGG / 6,70 = 15 /',0,0,0,4);
INSERT INTO tblExame VALUES(478,'PESQUISA DE CITOMEGALOVIRUS - IGM / 6,70 = 15 /',0,0,0,4);
INSERT INTO tblExame VALUES(479,'PESQUISA DE SANGUE OCULTO / 1 = 5 /',0,0,0,4);
INSERT INTO tblExame VALUES(480,'POTASSIO / 1,68= 3 /',0,0,0,4);
INSERT INTO tblExame VALUES(481,'PROTEINA C REATIVA ULTASENSIVEL / 8,04 = 5 /',0,0,0,4);
INSERT INTO tblExame VALUES(482,'PROTEINA C REATIVA / 1,80 = 5 /',0,0,0,4);
INSERT INTO tblExame VALUES(483,'PROTEINAS TOTAIS E FRACOES / 1,50 = 5 /',0,0,0,4);
INSERT INTO tblExame VALUES(484,'PROTEINAS TOTAIS / 1,68 = 5 /',0,0,0,4);
INSERT INTO tblExame VALUES(485,'PROVA DE ATIVIDADE REUMATICA / 15 = 20 /',0,0,0,4);
INSERT INTO tblExame VALUES(486,'HEPATOGRAMA (P.DE FUNCAO HEPATICA)/ 16,68 =18/',0,0,0,4);
INSERT INTO tblExame VALUES(487,'PROVA DO LATEX (FATOR REUMATOIDE) / 2 = 3 /',0,0,0,4);
INSERT INTO tblExame VALUES(488,'PSA LIVRE / 18 = 18/',0,0,0,4);
INSERT INTO tblExame VALUES(489,'PSA TOTAL / 18 = 18 /',0,0,0,4);
INSERT INTO tblExame VALUES(490,'PTT / TEMPO DE TROMBOPLASTINA PARCIAL / 1,50 = 5 /',0,0,0,4);
INSERT INTO tblExame VALUES(491,'REACAO DE PAUL BUNNEL / 3,24 = 10 /',0,0,0,4);
INSERT INTO tblExame VALUES(492,'REACAO DE VDRL / 1 = 5 /',0,0,0,4);
INSERT INTO tblExame VALUES(493,'REACAO DE WIDAL (FEBRE TIFOIDE) / 2,64 = 10 /',0,0,0,4);
INSERT INTO tblExame VALUES(494,'REACAO PARA MONUCLEOSE (EPSTEIN BAAR) / 9,90 =20 /',0,0,0,4);
INSERT INTO tblExame VALUES(495,'REACAO WAALER-ROSE / (FEBRE REUMATICA) /2,40 = 6 /',0,0,0,4);
INSERT INTO tblExame VALUES(496,'RESERVA ALCALINA / 1,68 = 3 /',0,0,0,4);
INSERT INTO tblExame VALUES(497,'RUBEOLA - IGG / 7,20 = 15  /',0,0,0,4);
INSERT INTO tblExame VALUES(498,'RUBEOLA - IGM / 14,40 = 20 /',0,0,0,4);
INSERT INTO tblExame VALUES(499,'RUBEOLA - IGG+IGM / 21,60 = 35 /',0,0,0,4);
INSERT INTO tblExame VALUES(500,'SARAMPO - IGG / 16 = 26 /',0,0,0,4);
INSERT INTO tblExame VALUES(501,'SARAMPO  - IGG+IGM / 32 = 52 /',0,0,0,4);
INSERT INTO tblExame VALUES(502,'SARAMPO - IGM / 16 = 26 /',0,0,0,4);
INSERT INTO tblExame VALUES(503,'SERIE BRANCA (LEUCOGRAMA) / 2 = 6 /',0,0,0,4);
INSERT INTO tblExame VALUES(504,'SERIE VERMELHA (ERITROGRAMA) / 2 = 5 /',0,0,0,4);
INSERT INTO tblExame VALUES(505,'SEROTONINA / 7,20 = 21,60 /',0,0,0,4);
INSERT INTO tblExame VALUES(506,'SODIO / 1,68 = 3 /',0,0,0,4);
INSERT INTO tblExame VALUES(507,'SOMATOMEDINA C / 24=40 /',0,0,0,4);
INSERT INTO tblExame VALUES(508,'SOROLOGIA PARA LUES / 1 = 5 /',0,0,0,4);
INSERT INTO tblExame VALUES(509,'T3 LIVRE / 10,20 = 10 /',0,0,0,4);
INSERT INTO tblExame VALUES(510,'T3 REVERSO / 23,40 = 90 /',0,0,0,4);
INSERT INTO tblExame VALUES(511,'TAP (TEMPO DE PROTROMBINA) / 1,80 = 5 /',0,0,0,4);
INSERT INTO tblExame VALUES(512,'TEMPO DE TROMBOPLASTINA PARCIAL (PTT) / 1,50 = 5 /',0,0,0,4);
INSERT INTO tblExame VALUES(513,'TESTE DE AFOICAMENTO / 1,20 = 3,50 /',0,0,0,4);
INSERT INTO tblExame VALUES(514,'TESTOSTERONA LIVRE / 18=18 /',0,0,0,4);
INSERT INTO tblExame VALUES(515,'TESTOSTERONA TOTAL / 12,60 = 14 /',0,0,0,4);
INSERT INTO tblExame VALUES(516,'TIROXINA LIVRE (T4 LIVRE) / 10,20 = 10 /',0,0,0,4);
INSERT INTO tblExame VALUES(517,'TIROXINA (T4) / 7,80 = 10 /',0,0,0,4);
INSERT INTO tblExame VALUES(518,'TOXOPLASMOSE - IGG / 9,60 = 15 /',0,0,0,4);
INSERT INTO tblExame VALUES(519,'TOXOPLASMOSE - IGM / 9,60 = 15 /',0,0,0,4);
INSERT INTO tblExame VALUES(520,'TOXOPLASMOSE IGG+IGM / 19,20 = 30 /',0,0,0,4);
INSERT INTO tblExame VALUES(521,'TRANSAMINASE OXALOACETICA (TGO) / 1,40 = 3 /',0,0,0,4);
INSERT INTO tblExame VALUES(522,'TRANSAMINASE PIRUVICA (TGP) / 1,40 = 3 /',0,0,0,4);
INSERT INTO tblExame VALUES(523,'TRANSFERRINA / 7,20 = 15 /',0,0,0,4);
INSERT INTO tblExame VALUES(524,'TRIGLICERIDIOS / 2,40 = 3 /',0,0,0,4);
INSERT INTO tblExame VALUES(525,'TRIIODOTIRONINA (T3) / 10,20 = 10 /',0,0,0,4);
INSERT INTO tblExame VALUES(526,'TSH (H.ESTIMULANTE DA TIREOIDE) /10,20 = 10 /',0,0,0,4);
INSERT INTO tblExame VALUES(527,'TSH ULTRA-SENSIVEL / 8,50 = 0 /',0,0,0,4);
INSERT INTO tblExame VALUES(528,'UREIA / 1,68 = 3 /',0,0,0,4);
INSERT INTO tblExame VALUES(529,'URINOCULTURA + CONTAGEM DE COLONIAS / 3 = 16 /',0,0,0,4);
INSERT INTO tblExame VALUES(530,'VDRL / 2,40 = 5 /',0,0,0,4);
INSERT INTO tblExame VALUES(531,'VELOCIDADE DE HEMOSSEDIMENTACAO (VHS) / 2,30 = 3 /',0,0,0,4);
INSERT INTO tblExame VALUES(532,'VIT B6 / 90 = 100 /',0,0,0,4);
INSERT INTO tblExame VALUES(533,'VIT C / 40 = 30 /',0,0,0,4);
INSERT INTO tblExame VALUES(534,'VIT E / 50 = 0 /',0,0,0,4);
INSERT INTO tblExame VALUES(535,'VIT K / 185 = 0 /',0,0,0,4);
INSERT INTO tblExame VALUES(536,'FEMUR / 34,10 / 25',0,0,0,8);
INSERT INTO tblExame VALUES(537,'OMBRO / 33,34 / 25',0,0,0,8);
INSERT INTO tblExame VALUES(538,'ARTICULACAO ACROMIO-CLAVICULAR / 29,30',0,0,0,8);
INSERT INTO tblExame VALUES(539,'COMPLEMENTO C3 / 6 = 18 /',0,0,0,4);
INSERT INTO tblExame VALUES(540,'COMPLEMENTO C4 / 6 = 18 /',0,0,0,4);
INSERT INTO tblExame VALUES(541,'TORAX - AP (INSP/EXP)+ LATERAL / 35,34',0,0,0,8);
INSERT INTO tblExame VALUES(542,'ACTH / 21 = 67 /',0,0,0,4);
INSERT INTO tblExame VALUES(543,'ANALISE DE CALCULO / 9 = 18 /',0,0,0,4);
INSERT INTO tblExame VALUES(544,'ANTICORPO ANTI HBC-IGM / HEPATITE B / 8 = 18 /',0,0,0,4);
INSERT INTO tblExame VALUES(545,'ANTICORPO ANTI HBE / HEPATITE B / 12 = 18 /',0,0,0,4);
INSERT INTO tblExame VALUES(546,'ANTICORPO ANTI TPO / 6 = 20 /',0,0,0,4);
INSERT INTO tblExame VALUES(547,'ANTICORPO ANTI DNA-DS / 4 = 15 / 7 D',0,0,0,4);
INSERT INTO tblExame VALUES(548,'ANTICORPO ANTI-MICROSSOMAL / 6 = 16 /',0,0,0,4);
INSERT INTO tblExame VALUES(549,'ANTICORPO ANTI-SSB (LA) / 9,60 = 30 /',0,0,0,4);
INSERT INTO tblExame VALUES(550,'ANTICORPO ANTI-TIREOGLOBULINA / 12,60 = 18 /',0,0,0,4);
INSERT INTO tblExame VALUES(551,'ANTICORPO IGG ANTI-HEPATITE A / 10 = 22 /',0,0,0,4);
INSERT INTO tblExame VALUES(552,'ANTICORPO IGM ANTI-HEPATITE A / 12 = 22 /',0,0,0,4);
INSERT INTO tblExame VALUES(553,'ANTIGENO E HEPATITE B (HBE AG) / 12 = 18 /',0,0,0,4);
INSERT INTO tblExame VALUES(554,'ANTI-TIREOGLOBULINA / 6 = 18 / 10 D',0,0,0,4);
INSERT INTO tblExame VALUES(555,'CALCIO URINARIO / 1,68 = 3 /',0,0,0,4);
INSERT INTO tblExame VALUES(556,'CAPACIDADE DE FIXACAO DO FERRO / 1,68=5 /',0,0,0,4);
INSERT INTO tblExame VALUES(557,'CLORO (URINA) / 1,68 = 3 /',0,0,0,4);
INSERT INTO tblExame VALUES(558,'COMPLEMENTO C2 / 70 = 0 /',0,0,0,4);
INSERT INTO tblExame VALUES(559,'CREATININA URINARIA / 2,40 = 3 /',0,0,0,4);
INSERT INTO tblExame VALUES(560,'CURVA GLICEMICA - 7 DOSAGENS / 0 = 12 /',0,0,0,4);
INSERT INTO tblExame VALUES(561,'DENGUE IGM / 15,60 = 25 /',0,0,0,4);
INSERT INTO tblExame VALUES(562,'ELETROFORESE DE HEMOGLOBINA / 4,80 = 20 /',0,0,0,4);
INSERT INTO tblExame VALUES(563,'ESPERMOGRAMA / 4,80 = 14,60 /',0,0,0,4);
INSERT INTO tblExame VALUES(564,'FATOR ANTI-NUCLEAR (FAN) / 3,60 = 10 /',0,0,0,4);
INSERT INTO tblExame VALUES(565,'FENITOINA / 18 = 32 /',0,0,0,4);
INSERT INTO tblExame VALUES(566,'FOSFATASE ACIDA FRACAO PROSTATICA / 2,64 = 4 /',0,0,0,4);
INSERT INTO tblExame VALUES(567,'FOSFATASE ACIDA TOTAL / 2,16 = 4 /',0,0,0,4);
INSERT INTO tblExame VALUES(568,'GLICOSE POS PRANDIAL / 0 = 4 /',0,0,0,4);
INSERT INTO tblExame VALUES(569,'H.T3 LIVRE / 8 = 0 /',0,0,0,4);
INSERT INTO tblExame VALUES(570,'H.T3 REVERSO / 19,50 = 90 /',0,0,0,4);
INSERT INTO tblExame VALUES(571,'HEMATOCRITO / 1,20 = 2,50 /',0,0,0,4);
INSERT INTO tblExame VALUES(572,'HEMOCULTURA / 3 = 16 /',0,0,0,4);
INSERT INTO tblExame VALUES(573,'HEMOGRAMA COMPLETO POR IDADE / 0 = 10 /',0,0,0,4);
INSERT INTO tblExame VALUES(574,'INSULINA POS-PRANDIAL / 0 = 20 /',0,0,0,4);
INSERT INTO tblExame VALUES(575,'INTRADERMO REACAO DE PPD / 0 = 6 /',0,0,0,4);
INSERT INTO tblExame VALUES(576,'LACTATO DESIDROGENASE (LDH) / 3 = 5 /',0,0,0,4);
INSERT INTO tblExame VALUES(577,'LEUCOGRAMA (SERIE BRANCA) / 2,40= 6 /',0,0,0,4);
INSERT INTO tblExame VALUES(578,'LINFOCITOS T HELPER CD4 / 24 = 35 /',0,0,0,4);
INSERT INTO tblExame VALUES(579,'MICOLOGICO DIRETO / 0 = 5 /',0,0,0,4);
INSERT INTO tblExame VALUES(580,'MONOTESTE (MONUCLEOSE) / 2,40 = 10 /',0,0,0,4);
INSERT INTO tblExame VALUES(581,'PESQUISA DE BRUCELOSE / 2 = 8 /',0,0,0,4);
INSERT INTO tblExame VALUES(582,'PESQUISA DE CELULAS LE / 1,40 = 7 /',0,0,0,4);
INSERT INTO tblExame VALUES(583,'PESQUISA DE FUNGOS / 1 = 3 /',0,0,0,4);
INSERT INTO tblExame VALUES(584,'PESQUISA DE ROTAVIRUS / 5 = 8 /',0,0,0,4);
INSERT INTO tblExame VALUES(585,'PROVA DE FUNCAO HEPATICA (HEPATOGRAMA) / 9 = 18 /',0,0,0,4);
INSERT INTO tblExame VALUES(586,'PROVA DO LACO / 1,68 = 6,50 /',0,0,0,4);
INSERT INTO tblExame VALUES(587,'PSA TOTAL + LIVRE / 36 = 18 /',0,0,0,4);
INSERT INTO tblExame VALUES(588,'SODIO URINARIO - 24 HORAS / 1,68 = 3 /',0,0,0,4);
INSERT INTO tblExame VALUES(589,'SUB-POPULACAO LINFOCITOS T / 0 = 75 /',0,0,0,4);
INSERT INTO tblExame VALUES(590,'TEMPO DE SANGRAMENTO / 1,20 = 6,50 /',0,0,0,4);
INSERT INTO tblExame VALUES(591,'TESTE DE GRAVIDEZ / 0 = 10 /',0,0,0,4);
INSERT INTO tblExame VALUES(592,'TIROXINA TOTAL / 0 = 10 /',0,0,0,4);
INSERT INTO tblExame VALUES(593,'TRIIODOTIRONINA TOTAL / 7,80 = 10 /',0,0,0,4);
INSERT INTO tblExame VALUES(594,'VIT B1 (TIAMINA) / 90 = 115 /',0,0,0,4);
INSERT INTO tblExame VALUES(595,'WESTERN BLOOT - ANTI HIV 1-2 / 84 = 120 /',0,0,0,4);
INSERT INTO tblExame VALUES(596,'APLICACAO DE DUOFLAM',0,0,0,7);
INSERT INTO tblExame VALUES(597,'APLICACAO DE TRIAXIN - 1000 mg',0,0,0,7);
INSERT INTO tblExame VALUES(598,'APLICACAO DE BETA 30',0,0,0,7);
INSERT INTO tblExame VALUES(599,'CURATIVO MEDIO',0,0,0,7);
INSERT INTO tblExame VALUES(600,'CURATIVO GRANDE',0,0,0,7);
INSERT INTO tblExame VALUES(601,'T4 (TIROXINA) / 10,20 = 10 /',0,0,0,4);
INSERT INTO tblExame VALUES(602,'T4 LIVRE (TIROXINA LIVRE) / 8,50 = 10 /',0,0,0,4);
INSERT INTO tblExame VALUES(603,'PROLACTINA PLASMATICA / 10,20 = 13 /',0,0,0,4);
INSERT INTO tblExame VALUES(604,'CK TOTAL / 10 = 8 /',0,0,0,4);
INSERT INTO tblExame VALUES(605,'HDL / 3,60 = 5 /',0,0,0,4);
INSERT INTO tblExame VALUES(606,'LDL / 4,80 = 5 /',0,0,0,4);
INSERT INTO tblExame VALUES(607,'LDH / 3,60 = 5 /',0,0,0,4);
INSERT INTO tblExame VALUES(608,'TGO / 1,68 = 3 /',0,0,0,4);
INSERT INTO tblExame VALUES(609,'TGP / 1,68 = 3 /',0,0,0,4);
INSERT INTO tblExame VALUES(610,'VHS / 1,20 = 3 /',0,0,0,4);
INSERT INTO tblExame VALUES(611,'TAP - INR / 1,50 = 5 /',0,0,0,4);
INSERT INTO tblExame VALUES(612,'RETICULOCITOS / 1,20 = 3,20 /',0,0,0,4);
INSERT INTO tblExame VALUES(613,'PLAQUETAS / 1 =',0,0,0,4);
INSERT INTO tblExame VALUES(614,'ASO / 1,50 = 5 /',0,0,0,4);
INSERT INTO tblExame VALUES(615,'PCR / PROTEINA C REATIVA / 1,50 = 0 /',0,0,0,4);
INSERT INTO tblExame VALUES(616,'HIV / 24 = 35 /',0,0,0,4);
INSERT INTO tblExame VALUES(617,'CLEARENCE DE CREATININA / 3 = 10 /',0,0,0,4);
INSERT INTO tblExame VALUES(618,'PROTEINURIA - 24 H / 1,20 =',0,0,0,4);
INSERT INTO tblExame VALUES(619,'PPD /',0,0,0,4);
INSERT INTO tblExame VALUES(620,'CEA / 15,50 = 25 /',0,0,0,4);
INSERT INTO tblExame VALUES(621,'HIPOCONDRIO DIREITO/PREPARO',0,0,0,9);
INSERT INTO tblExame VALUES(622,'AXILA',0,0,0,9);
INSERT INTO tblExame VALUES(623,'PARTES MOLE',0,0,0,9);
INSERT INTO tblExame VALUES(624,'ORGAOS SUPERFICIAIS',0,0,0,9);
INSERT INTO tblExame VALUES(625,'TIBC (CAPACIDADE DE FIXACAO DO FERRO / 0 = 3 /',0,0,0,4);
INSERT INTO tblExame VALUES(626,'SEIOS DA FACE / 31,03 / 25',0,0,0,8);
INSERT INTO tblExame VALUES(627,'FSH - H.FOLIC.ESTIM. / 7,80 = 13 /',0,0,0,4);
INSERT INTO tblExame VALUES(628,'HORMONIO FOLIC.ESTIMULANTE / 6,50 =13 /',0,0,0,4);
INSERT INTO tblExame VALUES(629,'PROGESTERONA / 12,60 = 13 /',0,0,0,4);
INSERT INTO tblExame VALUES(630,'CITOLOGIA-PAF-MAMA',0,0,0,4);
INSERT INTO tblExame VALUES(631,'TORNOZELO /       / 20',0,0,0,8);
INSERT INTO tblExame VALUES(632,'COLUNA CERVICAL DINAMICA',0,0,0,8);
INSERT INTO tblExame VALUES(633,'COLUNA LOMBAR DINAMICA',0,0,0,8);
INSERT INTO tblExame VALUES(634,'ESOFAGO',0,0,0,8);
INSERT INTO tblExame VALUES(635,'SEED',0,0,0,8);
INSERT INTO tblExame VALUES(636,'MAMOGRAFIA DIGITAL /',0,0,0,8);
INSERT INTO tblExame VALUES(637,'COLPOCITOLOGIA S/ CONSULTA C/COLETA DO MATERIAL',0,0,0,7);
INSERT INTO tblExame VALUES(638,'ANTI-ENDOMISIO IGA / 31 = 48 / 20 D',0,0,0,4);
INSERT INTO tblExame VALUES(639,'ANTI-ENDOMISIO IGG / 31 / 48 / 20 D',0,0,0,4);
INSERT INTO tblExame VALUES(640,'ASCA / 0 = 80 / 20 D',0,0,0,4);
INSERT INTO tblExame VALUES(641,'ANCA / 25 = 60 / 20 D',0,0,0,4);
INSERT INTO tblExame VALUES(642,'CPK (CREATINO FOSFOQUINASE) / 5 = 8 /',0,0,0,4);
INSERT INTO tblExame VALUES(643,'CLAMIDIA IGG / 0 = 28,80 /',0,0,0,4);
INSERT INTO tblExame VALUES(644,'CLAMIDIA IGM / 0 = 28,80 /',0,0,0,4);
INSERT INTO tblExame VALUES(645,'HAPTOGLOBINA / 4 = 0 /',0,0,0,4);
INSERT INTO tblExame VALUES(646,'HTLV 1-2 (ANTICORPO) / 49 = 60 /',0,0,0,4);
INSERT INTO tblExame VALUES(647,'PTH / 0 = 45 /',0,0,0,4);
INSERT INTO tblExame VALUES(648,'DOSAGEM DE ZINCO / 14,40 = 38,40 /',0,0,0,4);
INSERT INTO tblExame VALUES(649,'VIT D / 21 = 80 /',0,0,0,4);
INSERT INTO tblExame VALUES(650,'SHBG / 18 = 45 /',0,0,0,4);
INSERT INTO tblExame VALUES(651,'VIT A / 39,72 = 98 /',0,0,0,4);
INSERT INTO tblExame VALUES(652,'PEPTIDIO C / 15=40 / 10D',0,0,0,4);
INSERT INTO tblExame VALUES(653,'IG-F1 POLIPEPTIDIO/ 30 = 0 /',0,0,0,4);
INSERT INTO tblExame VALUES(654,'HEMATOXILA FERRICA / 1,40 = 5 /',0,0,0,4);
INSERT INTO tblExame VALUES(655,'CA-50 / 0 = 80 /',0,0,0,4);
INSERT INTO tblExame VALUES(656,'ANTI-MUSCULO LISO / 4 = 15 /',0,0,0,4);
INSERT INTO tblExame VALUES(657,'ACIDO FOLICO / 10,20 = 25 /',0,0,0,4);
INSERT INTO tblExame VALUES(658,'ANTICORPO TSH (TRAB) / 20 = 40 /',0,0,0,4);
INSERT INTO tblExame VALUES(659,'OSTEOCALCINA / 22,50 = 65 /',0,0,0,4);
INSERT INTO tblExame VALUES(660,'CTX / 28 = 160 /',0,0,0,4);
INSERT INTO tblExame VALUES(661,'ANTI-CCP / 120 = 125 /',0,0,0,4);
INSERT INTO tblExame VALUES(662,'ALFA-HIDROXIPROGESTERONA / 0 = 20 /',0,0,0,4);
INSERT INTO tblExame VALUES(663,'TSH-ANTICORPO INIBIBOR-TRAB / 0 = 40 /',0,0,0,4);
INSERT INTO tblExame VALUES(664,'TESTOSTERONA BIODISPONIVEL / 0 = 70 /',0,0,0,4);
INSERT INTO tblExame VALUES(665,'ANTI-ANCA / 0 = 80 /',0,0,0,4);
INSERT INTO tblExame VALUES(666,'SHBG-GLOBULINA LIG.HORM.SEXUAIS/ 0 = 45 /',0,0,0,4);
INSERT INTO tblExame VALUES(667,'SUB-POPULACAO DE LINFOCITOS / 0 = 75 /',0,0,0,4);
INSERT INTO tblExame VALUES(668,'H.TRI-IODOTIRONINA LIVRE (T3 - L) / 8 = 10 /',0,0,0,4);
INSERT INTO tblExame VALUES(669,'ANTICORPO IGG P/HERPES SIMPLES / 5 = 22 /',0,0,0,4);
INSERT INTO tblExame VALUES(670,'ANTICORPO IGM P/HERPES SIMPLES / 5 = 22 /',0,0,0,4);
INSERT INTO tblExame VALUES(671,'SELENIO SERICO / 10,68 = 40 /',0,0,0,4);
INSERT INTO tblExame VALUES(672,'BNP / 187 = 200 /',0,0,0,4);
INSERT INTO tblExame VALUES(673,'EPSTEIN BAAR-IGG / 18 = 54 /',0,0,0,4);
INSERT INTO tblExame VALUES(674,'EPSTEIN BAAR-IGM / 18 = 54 /',0,0,0,4);
INSERT INTO tblExame VALUES(675,'ECODOPLER DE MEMBRO INFERIOR ARTERIAL / CADA',0,0,0,1);
INSERT INTO tblExame VALUES(676,'CURVA GLICEMICA E INSULINICA / 0 / 160',0,0,0,4);
INSERT INTO tblExame VALUES(677,'HEMOGLOBINA GLICOSILADA / 5,40 / 12 /',0,0,0,4);
INSERT INTO tblExame VALUES(678,'REACAO DE MACHADO GUERREIRO / 0 = 12 /',0,0,0,4);
INSERT INTO tblExame VALUES(679,'CHAGAS - IGG / 3,60 = 20 /',0,0,0,4);
INSERT INTO tblExame VALUES(680,'VIT B12 (AC.ASCORBICO) / 10,20=22 /',0,0,0,4);
INSERT INTO tblExame VALUES(681,'HCV / HEPATITE C/ 20 = 18',0,0,0,4);
INSERT INTO tblExame VALUES(682,'TIREOGLOBULINA / 16,80 = 40 /',0,0,0,4);
INSERT INTO tblExame VALUES(683,'ANTI-HBS / 6 = 12 /',0,0,0,4);
INSERT INTO tblExame VALUES(684,'ANTIGENO HBS-AG / 0 = 10 /',0,0,0,4);
INSERT INTO tblExame VALUES(685,'CAXUMBA IGG / 8,04 = 35 /',0,0,0,4);
INSERT INTO tblExame VALUES(686,'CAXUMBA IGM / 8,04 = 35 /',0,0,0,4);
INSERT INTO tblExame VALUES(687,'CAXUMBA IGG+IGM / 0 = 70 /',0,0,0,4);
INSERT INTO tblExame VALUES(688,'LAVAGEM OUVIDO/15',0,0,0,3);
INSERT INTO tblExame VALUES(689,'ACIDO OXALICO/3,60=0/',0,0,0,4);
INSERT INTO tblExame VALUES(690,'ACIDO OXALICO URINARIO/3,60/0',0,0,0,4);
INSERT INTO tblExame VALUES(691,'ACIDO PIRUVICO/3,60=0',0,0,0,4);
INSERT INTO tblExame VALUES(692,'ACIDO SIALICO/3,60=0/',0,0,0,4);
INSERT INTO tblExame VALUES(693,'ALFA 1-ANTITRIPSINA/4,80=0/',0,0,0,4);
INSERT INTO tblExame VALUES(694,'ALFA 1-GLICOPROTEINA ACIDA/4,80=0/',0,0,0,4);
INSERT INTO tblExame VALUES(695,'ALFA 2-GLOBULINA/4,80=0/',0,0,0,4);
INSERT INTO tblExame VALUES(696,'ALFA 2-MACROGLOBULINA/4,80=0/',0,0,0,4);
INSERT INTO tblExame VALUES(697,'AMONIA/3,60=0/',0,0,0,4);
INSERT INTO tblExame VALUES(698,'CAROTENO/2,40=0/',0,0,0,4);
INSERT INTO tblExame VALUES(699,'CERULOPLASMINA/4,80=0/',0,0,0,4);
INSERT INTO tblExame VALUES(700,'CISTINA URINARIA/2,40=0/',0,0,0,4);
INSERT INTO tblExame VALUES(701,'CLEARTENCE DE ACIDO URICO/3=10/',0,0,0,4);
INSERT INTO tblExame VALUES(702,'CLEARENCE DE UREIA/3=10/',0,0,0,4);
INSERT INTO tblExame VALUES(703,'CLORETOS/1,68=0/',0,0,0,4);
INSERT INTO tblExame VALUES(704,'DOSAGEM DE COBRE SERICO (SORO)/14,40=43/',0,0,0,4);
INSERT INTO tblExame VALUES(705,'COLESTEROL ESTERIFICADO/2,04=0/',0,0,0,4);
INSERT INTO tblExame VALUES(706,'COLINESTERAS/2,40-0/',0,0,0,4);
INSERT INTO tblExame VALUES(707,'CREATINAFOSFOQUINASE-FRACAO MB/12=0/',0,0,0,4);
INSERT INTO tblExame VALUES(708,'DIAZEPAM (DROGAS)/18=0/',0,0,0,4);
INSERT INTO tblExame VALUES(709,'PROVA DE D-XILOSE/9,60=0/',0,0,0,4);
INSERT INTO tblExame VALUES(710,'FENOBARBITAL/18=0/',0,0,0,4);
INSERT INTO tblExame VALUES(711,'FOSFATASE ALCALINA/ 2,16= 3 /',0,0,0,4);
INSERT INTO tblExame VALUES(712,'FOSFATASE ALCALINA URINARIA/2,16=0/',0,0,0,4);
INSERT INTO tblExame VALUES(713,'FOSFATASE ALCALINA TERMO-ESTAVEL/2,40=0/',0,0,0,4);
INSERT INTO tblExame VALUES(714,'FOSFOLIPIDEOS/ 1,80 = 5 /',0,0,0,4);
INSERT INTO tblExame VALUES(715,'FOSFORO/1,68 = 3/',0,0,0,4);
INSERT INTO tblExame VALUES(716,'FOSFORO URINARIO/1,68=0/',0,0,0,4);
INSERT INTO tblExame VALUES(717,'FRUTOSE SERICA/3,24=0/',0,0,0,4);
INSERT INTO tblExame VALUES(718,'HEPATOGLOBINA/4,80=0/',0,0,0,4);
INSERT INTO tblExame VALUES(719,'MAGNESIO URINARIO/1,92=0/',0,0,0,4);
INSERT INTO tblExame VALUES(720,'PORFIRINAS URINARIA/2,16=0/',0,0,0,4);
INSERT INTO tblExame VALUES(721,'POTASSIO URINARIO/1,68=0/',0,0,0,4);
INSERT INTO tblExame VALUES(722,'PRIMIDONA/18=0/',0,0,0,4);
INSERT INTO tblExame VALUES(723,'ALBUMINA/1,68=3/',0,0,0,4);
INSERT INTO tblExame VALUES(724,'TEOFILINA/18=0/',0,0,0,4);
INSERT INTO tblExame VALUES(725,'UREIA URINARIA/1,68=0/',0,0,0,4);
INSERT INTO tblExame VALUES(726,'UROBILINOGENIO URINARIO/1,20=0/',0,0,0,4);
INSERT INTO tblExame VALUES(727,'ALUMINIO/18=0/',0,0,0,4);
INSERT INTO tblExame VALUES(728,'MUCOPOLISSACARIDOSE/2,40=0/',0,0,0,4);
INSERT INTO tblExame VALUES(729,'PEPTIDIO C URINARIO/15=40/',0,0,0,4);
INSERT INTO tblExame VALUES(730,'GORDURA FECAL/ 1,20 = 0 /',0,0,0,4);
INSERT INTO tblExame VALUES(731,'SANGUE OCULTO NAS FEZES/ 1,20=5 /',0,0,0,4);
INSERT INTO tblExame VALUES(732,'ANTI-TROMBINA/ 9,60=0 /',0,0,0,4);
INSERT INTO tblExame VALUES(733,'CONTAGEM DE HEMACIAS/1,20=0/',0,0,0,4);
INSERT INTO tblExame VALUES(734,'ACIDO VANIL MANDELICO URINARIO/12=0/',0,0,0,4);
INSERT INTO tblExame VALUES(735,'H.ADRENOCORTICOTROFICO-ACTH/25,20 =67/',0,0,0,4);
INSERT INTO tblExame VALUES(736,'ALDOSTERONA URINARIA/15=0/',0,0,0,4);
INSERT INTO tblExame VALUES(737,'CATECOLAMINAS TOTAIS E FRACOES/12=0/',0,0,0,4);
INSERT INTO tblExame VALUES(738,'CATECOLAMINAS SERICAS / 12 = 0 /',0,0,0,4);
INSERT INTO tblExame VALUES(739,'CATECOLAMINAS URINARIA /12 = 0 /',0,0,0,4);
INSERT INTO tblExame VALUES(740,'CETOSTEROIDES TOTAIS URINARIO/4,80=0/',0,0,0,4);
INSERT INTO tblExame VALUES(741,'S-DHEA(SULFATO DEHIDROEPIANDOSTERONA)/18,20=0/',0,0,0,4);
INSERT INTO tblExame VALUES(742,'IODO PROTEICO/2,40=0/',0,0,0,4);
INSERT INTO tblExame VALUES(743,'PREGNANDIOL/7,20=0/',0,0,0,4);
INSERT INTO tblExame VALUES(744,'17-ALFA-HIDROXIPROGESTERONA/19,80=20/',0,0,0,4);
INSERT INTO tblExame VALUES(745,'RENINA/13,20=0/',0,0,0,4);
INSERT INTO tblExame VALUES(746,'SEROTONINA URINARIA/7,20=0/',0,0,0,4);
INSERT INTO tblExame VALUES(747,'PARATOHORMONIO - PTH / 24=0 /',0,0,0,4);
INSERT INTO tblExame VALUES(748,'TRIIODOTIRONINA (T3) REVERSO/23,40=0/',0,0,0,4);
INSERT INTO tblExame VALUES(749,'ANGIOTENSINA/12=0/',0,0,0,4);
INSERT INTO tblExame VALUES(750,'ANTICORPO ANTI-HEPATITE A (IGG) / 12 = 22 /',0,0,0,4);
INSERT INTO tblExame VALUES(751,'ANTICORPO ANTI-HEPATITE A (IGM) / 14,40 = 22 /',0,0,0,4);
INSERT INTO tblExame VALUES(752,'BLASTOMICOSE/3,60=0/',0,0,0,4);
INSERT INTO tblExame VALUES(753,'ANTICORPO ANTI-TRIPANOSSOMA CRUZI IGG/10,80=0/',0,0,0,4);
INSERT INTO tblExame VALUES(754,'CHLAMYDIA (RFC)/10,80=0/',0,0,0,4);
INSERT INTO tblExame VALUES(755,'CISTICERCOSE/3,60=0/',0,0,0,4);
INSERT INTO tblExame VALUES(756,'COMPLEMENTO TOTAL (CH50) / 4,80 = 16 /',0,0,0,4);
INSERT INTO tblExame VALUES(757,'IMUNOGLOBULINA D/6=0/',0,0,0,4);
INSERT INTO tblExame VALUES(758,'IMUNOGLOBULINA E TOTAL / 8,40 =18 /',0,0,0,4);
INSERT INTO tblExame VALUES(759,'IMUNOELETROFORESE (SORO) / 14,40 = 43,20 /',0,0,0,4);
INSERT INTO tblExame VALUES(760,'COMPLEMENTO FRACAO C1Q / 6 = 0 /',0,0,0,4);
INSERT INTO tblExame VALUES(761,'LESHIMANIOSE/3,60=0/',0,0,0,4);
INSERT INTO tblExame VALUES(762,'LINFOCITOS T,B / 15,60 = 0 /',0,0,0,4);
INSERT INTO tblExame VALUES(763,'LINFOCITOS T SUPRESSORES CD8/24=0/',0,0,0,4);
INSERT INTO tblExame VALUES(764,'MALARIA - IFI/3,60=0/',0,0,0,4);
INSERT INTO tblExame VALUES(765,'MICOPLASMA PNEUMONIAE IGG / 8,04=20/',0,0,0,4);
INSERT INTO tblExame VALUES(766,'SCHISTOSOMOSE, RFC OU IFI/3,24=0/',0,0,0,4);
INSERT INTO tblExame VALUES(767,'ANTICORPO ANTI-MUSCULO ESTRIADO/9,60=15/',0,0,0,4);
INSERT INTO tblExame VALUES(768,'ANTICORPO ANTI-SSA (RO)/ 6,60 = 30 /',0,0,0,4);
INSERT INTO tblExame VALUES(769,'HERPES ZOSTER IGG / 12 = 25 /',0,0,0,4);
INSERT INTO tblExame VALUES(770,'HERPES ZOSTER IGM / 14,40 = 28 /',0,0,0,4);
INSERT INTO tblExame VALUES(771,'WESTERN BLOOT - ANTI HIV 3 / 84 = 120/',0,0,0,4);
INSERT INTO tblExame VALUES(772,'ANTI-CARDIOLIPINA IGG+IGM/19,20=0/',0,0,0,4);
INSERT INTO tblExame VALUES(773,'ROTAVIRUS (PESQ.NAS FEZES) / 6 = 8 /',0,0,0,4);
INSERT INTO tblExame VALUES(774,'FUNGOS, CULTURA (MICOSES SUPERFICIAIS)/6=0/',0,0,0,4);
INSERT INTO tblExame VALUES(775,'CULTURA DE FEZES/ 7,20=0 /',0,0,0,4);
INSERT INTO tblExame VALUES(776,'CONTAGEM DE ADDIS/1,20=0/',0,0,0,4);
INSERT INTO tblExame VALUES(777,'CALCULO URINARIO, EXAME QUALITATIVO/ 3,60=18 /',0,0,0,4);
INSERT INTO tblExame VALUES(778,'UROPORFIRINA/2,40=0/',0,0,0,4);
INSERT INTO tblExame VALUES(779,'FRUTOSE URINARIA/1,80=0/',0,0,0,4);
INSERT INTO tblExame VALUES(780,'DOSAGEM URINARIA DE PROTEINA/1,20=0/',0,0,0,4);
INSERT INTO tblExame VALUES(781,'PROTEINAS DE BENCE-JONES/ 2,40 = 8 /',0,0,0,4);
INSERT INTO tblExame VALUES(782,'SEDIMENTOSCOPIA URINARIA/1,20=0/',0,0,0,4);
INSERT INTO tblExame VALUES(783,'DOSAGEM URINARIA DE MICROALBUMINURIA/12=0/',0,0,0,4);
INSERT INTO tblExame VALUES(784,'PERFIL REUMATOLOGICO/12=0/',0,0,0,4);
INSERT INTO tblExame VALUES(785,'DOSAGEM DE CHUMBO/ 9,60=0 /',0,0,0,4);
INSERT INTO tblExame VALUES(786,'DOSAGEM DE CHUMBO URINARIO / 9,60=0 /',0,0,0,4);
INSERT INTO tblExame VALUES(787,'DOSAGEM DE CROMO/14,40=0/',0,0,0,4);
INSERT INTO tblExame VALUES(788,'DOSAGEM DE CROMO URINARIO/14,40=0/',0,0,0,4);
INSERT INTO tblExame VALUES(789,'DOSAGEM DE FENOL/7,20=0/',0,0,0,4);
INSERT INTO tblExame VALUES(790,'DOSAGEM DE MERCURIO/14,40=0/',0,0,0,4);
INSERT INTO tblExame VALUES(791,'DOSAGEM DE MERCURIO URINARIO/14,40=0/',0,0,0,4);
INSERT INTO tblExame VALUES(792,'DOSAGEM DE NIQUEL URINARIO/14,40=0/',0,0,0,4);
INSERT INTO tblExame VALUES(793,'PROTOPORFIRINAS LIVRES/3,60=0/',0,0,0,4);
INSERT INTO tblExame VALUES(794,'PROTOPORFIRINA ZINCO/2,40=0/',0,0,0,4);
INSERT INTO tblExame VALUES(795,'DOSAGEM DE ZINCO URINARIO/14,40=38,40/',0,0,0,4);
INSERT INTO tblExame VALUES(796,'DOSAGEM DE MANGANES URINARIO/14,40=0/',0,0,0,4);
INSERT INTO tblExame VALUES(797,'DOSAGEM DE COBRE URINARIO/14,40=0/',0,0,0,4);
INSERT INTO tblExame VALUES(798,'DOSAGEM DE CADIMO URINARIO/14,40=0/',0,0,0,4);
INSERT INTO tblExame VALUES(799,'CA-242-MARCADORES TUMORAIS / 30=0 /',0,0,0,4);
INSERT INTO tblExame VALUES(800,'CA 50-MARCADORES TUMORAIS / 30 = 0 /',0,0,0,4);
INSERT INTO tblExame VALUES(801,'MAMOGRAFIA CONVENCIONAL',0,0,0,1);
INSERT INTO tblExame VALUES(802,'MAMOGRAFIA DIGITAL',0,0,0,1);
INSERT INTO tblExame VALUES(803,'RESSONANCIA MAGNETICA/390',0,0,0,8);
INSERT INTO tblExame VALUES(804,'INR - TAP/ 0 / 10,80',0,0,0,4);
INSERT INTO tblExame VALUES(805,'DIMERO D/0 = 28,80',0,0,0,4);
INSERT INTO tblExame VALUES(806,'ANTI-RPN / 0 = 40/',0,0,0,4);
INSERT INTO tblExame VALUES(807,'MICROALBUMINURIA / 0 = 20 /',0,0,0,4);
INSERT INTO tblExame VALUES(808,'CARDIOLIPINA IGA / 0 = 27 /',0,0,0,4);
INSERT INTO tblExame VALUES(809,'CARDIOLIPINA IGG / 0 = 27 /',0,0,0,4);
INSERT INTO tblExame VALUES(810,'CARDIOLIPINA IGM / 0 = 27 /',0,0,0,4);
INSERT INTO tblExame VALUES(811,'C4 COMPLEMENTO 4 / 0 = 18 /',0,0,0,4);
INSERT INTO tblExame VALUES(812,'C3 COMPLEMENTO 3 / 0 = 18 /',0,0,0,4);
INSERT INTO tblExame VALUES(813,'ANTICOAGULANTE LUPICO / 0 = 65 /',0,0,0,4);
INSERT INTO tblExame VALUES(814,'PESQUISA DE HEMATOZOARIOS / 0 = 7 /',0,0,0,4);
INSERT INTO tblExame VALUES(815,'CITOMEGALOVIRUS IGM / 0 = 18 /',0,0,0,4);
INSERT INTO tblExame VALUES(816,'ANTICORPO ANTI-TPO / 6 = 20 /',0,0,0,4);
INSERT INTO tblExame VALUES(817,'VLDL / 3,60 = 10 /',0,0,0,4);
INSERT INTO tblExame VALUES(818,'ANTIGENO AUSTRALIA / 8,40 = 0 /',0,0,0,4);
INSERT INTO tblExame VALUES(819,'25-HIDROXIVITAMINA D / 23,88 = 80 /',0,0,0,4);
INSERT INTO tblExame VALUES(820,'VIT D25 HIDROXIVITAMINA D / 21 = 80 /',0,0,0,4);
INSERT INTO tblExame VALUES(821,'ANTI-SM / 0 = 25 /',0,0,0,4);
INSERT INTO tblExame VALUES(822,'PESQUISA DE BAAR-3 AMOSTRAS / 0 = 8 /',0,0,0,4);
INSERT INTO tblExame VALUES(823,'COMPLEMENTO TOTAL (CH50) / 4,80 = 16 /',0,0,0,4);
INSERT INTO tblExame VALUES(824,'ASLO (ANTI-ESTREPTOLISINA O) / 1,50 = 5 /',0,0,0,4);
INSERT INTO tblExame VALUES(825,'CHAGAS - IGM / 0 = 20 /',0,0,0,4);
INSERT INTO tblExame VALUES(826,'CLORO (SANGUE) / 1,68 = 3 /',0,0,0,4);
INSERT INTO tblExame VALUES(827,'COPROLOGIA FUNCIONAL / 6 = 20 /',0,0,0,4);
INSERT INTO tblExame VALUES(828,'CORTISOL (CURVA) = 0 = 20 /',0,0,0,4);
INSERT INTO tblExame VALUES(829,'C-TELOPEPTIDIO / 15 = 60 /',0,0,0,4);
INSERT INTO tblExame VALUES(830,'SOROLOGIA PARA DENGUE IGG / 15,60 = 50 /',0,0,0,4);
INSERT INTO tblExame VALUES(831,'DENGUE NS1 AG / 0 = 90 /',0,0,0,4);
INSERT INTO tblExame VALUES(832,'SOROLOGIA P/MONUCLEOSE (EPSTEIN BARR) / 0 = 20 /',0,0,0,4);
INSERT INTO tblExame VALUES(833,'MONUCLEOSE (EPSTEIN BARR) / 0 = 20 /',0,0,0,4);
INSERT INTO tblExame VALUES(834,'TESTE DE HEMACIAS FALCIFORME / 1,20 = 3,50 /',0,0,0,4);
INSERT INTO tblExame VALUES(835,'DOSAGEM DE FOSFOLIPIDEOS / 1,80 = 5 /',0,0,0,4);
INSERT INTO tblExame VALUES(836,'FOSFATASE ALCALINA ESPECIFICA OSSEA / 0 = 80 /',0,0,0,4);
INSERT INTO tblExame VALUES(837,'ANTICORPO E HEPATITE B (ANTI-HBE) / 12 = 18 /',0,0,0,4);
INSERT INTO tblExame VALUES(838,'HCV PCR QUANTITATIVO / 0 = 570 /',0,0,0,4);
INSERT INTO tblExame VALUES(839,'HEMOGLOBINA S / 0 = 15 /',0,0,0,4);
INSERT INTO tblExame VALUES(840,'HORMONIO DE CRESCIMENTO (HGH) / 0 = 30 /',0,0,0,4);
INSERT INTO tblExame VALUES(841,'HGH (H.DO CRESCIMENTO) / 0 = 30 /',0,0,0,4);
INSERT INTO tblExame VALUES(842,'CAPTURA HIBRIDA P/ HPV / 0 = 170 /',0,0,0,4);
INSERT INTO tblExame VALUES(843,'PSA ULTRA SENSILVEL / 0 = 30 /',0,0,0,4);
INSERT INTO tblExame VALUES(844,'SULFATO DE DEHIDROEPIANDROSTERONA / 13,20 = 20 /',0,0,0,4);
INSERT INTO tblExame VALUES(845,'TRIIODOTIRONINA LIVRE / 0 = 10 /',0,0,0,4);
INSERT INTO tblExame VALUES(846,'ANTI-TRANSGLUTAMINASE TECIDUAL-IGA / 0 = 115,20 /',0,0,0,4);
INSERT INTO tblExame VALUES(847,'COLPOSCOPIA',0,0,0,7);
INSERT INTO tblExame VALUES(848,'ACIDO ASCORBICO (VIT.B12) /1,68 = 22 /',0,0,0,4);
INSERT INTO tblExame VALUES(849,'SATURACAO DE TRANSFERRINA = 7,20 = 17,25 /',0,0,0,4);
INSERT INTO tblExame VALUES(850,'CLONAZEPAN / 36 = 0 /',0,0,0,4);
INSERT INTO tblExame VALUES(851,'MIOGLOBINA / 14,76 = 0 /',0,0,0,4);
INSERT INTO tblExame VALUES(852,'OXCARBAZEPINA / 22,92 = 0 /',0,0,0,4);
INSERT INTO tblExame VALUES(853,'LEUCOCITOS FECAIS / 1,20 = 0 /',0,0,0,4);
INSERT INTO tblExame VALUES(854,'MUCO NAS FEZES = 1,20 = 0 /',0,0,0,4);
INSERT INTO tblExame VALUES(855,'PROTEINA S / 66,60 = 0 /',0,0,0,4);
INSERT INTO tblExame VALUES(856,'DOSAGEM DE ZINCO PROTOPORFIRINA / 7,20 = 0 /',0,0,0,4);
INSERT INTO tblExame VALUES(857,'CLUCAGON / 18 = 0 /',0,0,0,4);
INSERT INTO tblExame VALUES(858,'ANTI-DNA /4,80 = 0 /',0,0,0,4);
INSERT INTO tblExame VALUES(859,'ANTI-CARDIOLIPINA IGG / 9,60 = 0 /',0,0,0,4);
INSERT INTO tblExame VALUES(860,'ANTI-CARDIOLOPINA IGM / 9,60 = 0 /',0,0,0,4);
INSERT INTO tblExame VALUES(861,'SOROLOGIA PARA DENGUE IGM / 15,60 = 50 /',0,0,0,4);
INSERT INTO tblExame VALUES(862,'IMUNOCOMPLEXOS CIRCULANTES / 12 = 0 /',0,0,0,4);
INSERT INTO tblExame VALUES(863,'ESTERASE - INIBIDOR DE C1 / 6 = 0 /',0,0,0,4);
INSERT INTO tblExame VALUES(864,'INIBIDOR DE C1-ESTERASE / 6 = 0 /',0,0,0,4);
INSERT INTO tblExame VALUES(865,'LEPTOSPIROSE IGM / 3,96 = 0 /',0,0,0,4);
INSERT INTO tblExame VALUES(866,'MICOPLASMA PNEUMONIAE IGM / 8,04 = 20 /',0,0,0,4);
INSERT INTO tblExame VALUES(867,'PARPOVIRUS B19 IGG /25,44 = 0 /',0,0,0,4);
INSERT INTO tblExame VALUES(868,'PARVOVIRUS B19 IGM / 25,44 = 0 /',0,0,0,4);
INSERT INTO tblExame VALUES(869,'WAALER-ROSE (FATOR REUMATOIDE) /2,40 = 3 /',0,0,0,4);
INSERT INTO tblExame VALUES(870,'DOSAGEM DE ADENOSINA DEAMINASE / 20,64 = 0 /',0,0,0,4);
INSERT INTO tblExame VALUES(871,'CULTURA PARA MICOBACTERIA / 8,40 = 0 /',0,0,0,4);
INSERT INTO tblExame VALUES(872,'CAPTURA HIBRIDA PARA HPV / 42 = 0 /',0,0,0,4);
INSERT INTO tblExame VALUES(873,'PESQUISA PARA FEBRE REUMATICA /2,40 = 6 /',0,0,0,4);
INSERT INTO tblExame VALUES(874,'ANTI-HBC IGM / 0 = 18 /',0,0,0,4);
INSERT INTO tblExame VALUES(875,'HVC RNA HEPATITE C QUANTITATIVO / 0 = 570 /',0,0,0,4);
CREATE TABLE IF NOT EXISTS "tblPacienteOdonto"(
  "pacID" INTEGER PRIMARY KEY AUTOINCREMENT NOT NULL,
  "pacMat" INTEGER,
  "pacNome" VARCHAR(255),
  "pacCpf" CHAR(11),
  "pacDeclara" CHAR(2),
  "pacSexo" VARCHAR(10),
  "pacNasc" VARCHAR(10),
  "pacEndereco" VARCHAR(255),
  "pacNum" INTEGER,
  "pacComplemento" VARCHAR(255),
  "pacBairro" VARCHAR(45),
  "pacCidade" VARCHAR(45),
  "pacUF" CHAR(2),
  "pacCep" INTEGER,
  "pacTelRes" VARCHAR(45),
  "pacTelCom" VARCHAR(45),
  "pacOp1" VARCHAR(45),
  "pacTelCel" VARCHAR(45),
  "pacOp2" VARCHAR(45),
  "pacTelFax" VARCHAR(45),
  "pacTelOutro" VARCHAR(45),
  "pacEmail" VARCHAR(255),
  "pacObs" TEXT,
  "pacAlerta" TEXT,
  "pacDtCadastro" VARCHAR(10),
  "pacDtUpdate" VARCHAR(10)
);
DELETE FROM sqlite_sequence;
INSERT INTO sqlite_sequence VALUES('tblNivel',2);
INSERT INTO sqlite_sequence VALUES('tblProduto',115);
INSERT INTO sqlite_sequence VALUES('tblUsuario',2);
INSERT INTO sqlite_sequence VALUES('tblEspecialidade',20);
INSERT INTO sqlite_sequence VALUES('tblTableExame',13);
INSERT INTO sqlite_sequence VALUES('tblCategoria',3);
INSERT INTO sqlite_sequence VALUES('tblExame',875);
CREATE INDEX "tblUsuario.fk_tblUsuario_tblNivel1_idx" ON "tblUsuario"("tblNivel_nID");
CREATE INDEX "tblVisita.fk_tblVisita_tblPaciente1_idx" ON "tblVisita"("tblPaciente_pacID");
CREATE INDEX "tblProduto.fk_tblProduto_tblCategoria1_idx" ON "tblProduto"("tblCategoria_catID");
CREATE INDEX "tblLogEstoque.fk_tblLogEstoque_tblProduto1_idx" ON "tblLogEstoque"("tblProduto_prodID");
CREATE INDEX "tblExame.fk_tblExame_tblTableExame1_idx" ON "tblExame"("tblTableExame_texID");
COMMIT;
